state,window_date,winning_size,purchase_count,population_variance,window_length
ANDAMAN & NICOBAR,2022-04-02,M,1,0.0,10
ANDAMAN & NICOBAR,2022-04-03,S,2,5700.25,10
ANDAMAN & NICOBAR,2022-04-04,S,3,76126.8888888889,10
ANDAMAN & NICOBAR,2022-04-05,XS,3,10072.888888888876,10
ANDAMAN & NICOBAR,2022-04-06,XS,3,10072.888888888876,10
ANDAMAN & NICOBAR,2022-04-07,S,4,57160.5,10
ANDAMAN & NICOBAR,2022-04-08,XL,4,23102.75,10
ANDAMAN & NICOBAR,2022-04-09,XL,5,18957.440000000002,10
ANDAMAN & NICOBAR,2022-04-10,XL,5,18957.440000000002,10
ANDAMAN & NICOBAR,2022-04-11,XL,5,18957.440000000002,10
ANDAMAN & NICOBAR,2022-04-12,XL,5,18957.440000000002,10
ANDAMAN & NICOBAR,2022-04-13,XXL,5,29763.840000000026,10
ANDAMAN & NICOBAR,2022-04-14,XXL,5,27159.03999999998,10
ANDAMAN & NICOBAR,2022-04-15,XXL,8,29638.859375,10
ANDAMAN & NICOBAR,2022-04-16,XXL,9,50655.77777777775,10
ANDAMAN & NICOBAR,2022-04-17,XXL,8,56751.359375,10
ANDAMAN & NICOBAR,2022-04-18,XXL,8,56751.359375,10
ANDAMAN & NICOBAR,2022-04-19,XXL,7,52967.67346938775,10
ANDAMAN & NICOBAR,2022-04-20,XXL,6,61278.47222222219,10
ANDAMAN & NICOBAR,2022-04-21,XL,6,27454.333333333314,10
ANDAMAN & NICOBAR,2022-04-22,XL,7,24355.632653061184,10
ANDAMAN & NICOBAR,2022-04-23,XL,7,24355.632653061184,10
ANDAMAN & NICOBAR,2022-04-24,XL,7,24355.632653061184,10
ANDAMAN & NICOBAR,2022-04-25,XL,7,24355.632653061184,10
ANDAMAN & NICOBAR,2022-04-26,XL,6,26933.47222222219,10
ANDAMAN & NICOBAR,2022-04-27,XL,6,24984.805555555533,10
ANDAMAN & NICOBAR,2022-04-28,XL,6,24984.805555555533,10
ANDAMAN & NICOBAR,2022-04-29,S,5,47203.75999999989,10
ANDAMAN & NICOBAR,2022-04-30,XXL,4,38710.6875,10
ANDAMAN & NICOBAR,2022-05-01,XXL,4,38710.6875,10
ANDAMAN & NICOBAR,2022-05-02,3XL,4,138258.1875,10
ANDAMAN & NICOBAR,2022-05-03,S,3,64784.22222222213,10
ANDAMAN & NICOBAR,2022-05-04,3XL,4,109996.6875,10
ANDAMAN & NICOBAR,2022-05-05,M,5,131384.16000000003,10
ANDAMAN & NICOBAR,2022-05-06,3XL,5,88107.59999999998,10
ANDAMAN & NICOBAR,2022-05-07,3XL,6,83926.47222222225,10
ANDAMAN & NICOBAR,2022-05-08,3XL,6,83926.47222222225,10
ANDAMAN & NICOBAR,2022-05-09,3XL,6,52635.88888888899,10
ANDAMAN & NICOBAR,2022-05-10,3XL,6,17534.47222222213,10
ANDAMAN & NICOBAR,2022-05-11,3XL,6,17534.47222222213,10
ANDAMAN & NICOBAR,2022-05-12,3XL,8,28973.9375,10
ANDAMAN & NICOBAR,2022-05-13,3XL,8,28973.9375,10
ANDAMAN & NICOBAR,2022-05-14,XL,8,137883.5,10
ANDAMAN & NICOBAR,2022-05-15,3XL,7,27449.551020408282,10
ANDAMAN & NICOBAR,2022-05-16,XL,8,141916.484375,10
ANDAMAN & NICOBAR,2022-05-17,XL,8,141916.484375,10
ANDAMAN & NICOBAR,2022-05-18,XXL,8,42101.859375,10
ANDAMAN & NICOBAR,2022-05-19,M,9,53843.35802469138,10
ANDAMAN & NICOBAR,2022-05-20,M,9,53843.35802469138,10
ANDAMAN & NICOBAR,2022-05-21,M,9,53843.35802469138,10
ANDAMAN & NICOBAR,2022-05-22,M,8,12045.359375,10
ANDAMAN & NICOBAR,2022-05-23,M,7,13270.0,10
ANDAMAN & NICOBAR,2022-05-24,M,7,13270.0,10
ANDAMAN & NICOBAR,2022-05-25,M,7,11582.244897959172,10
ANDAMAN & NICOBAR,2022-05-26,M,7,11582.244897959172,10
ANDAMAN & NICOBAR,2022-05-27,M,7,11582.244897959172,10
ANDAMAN & NICOBAR,2022-05-28,XL,7,9520.530612244911,10
ANDAMAN & NICOBAR,2022-05-29,XL,7,9520.530612244911,10
ANDAMAN & NICOBAR,2022-05-30,XL,6,2250.0,10
ANDAMAN & NICOBAR,2022-05-31,XL,5,1747.4400000000023,10
ANDAMAN & NICOBAR,2022-06-01,XL,4,2136.25,10
ANDAMAN & NICOBAR,2022-06-02,XL,4,2136.25,10
ANDAMAN & NICOBAR,2022-06-03,XL,4,2136.25,10
ANDAMAN & NICOBAR,2022-06-04,L,5,100617.20000000001,10
ANDAMAN & NICOBAR,2022-06-05,L,5,100617.20000000001,10
ANDAMAN & NICOBAR,2022-06-06,L,6,92528.22222222219,10
ANDAMAN & NICOBAR,2022-06-07,XXL,6,201849.0,10
ANDAMAN & NICOBAR,2022-06-08,L,6,98024.58333333331,10
ANDAMAN & NICOBAR,2022-06-09,M,7,22056.53061224491,10
ANDAMAN & NICOBAR,2022-06-10,XXL,7,173072.693877551,10
ANDAMAN & NICOBAR,2022-06-11,XXL,7,173072.693877551,10
ANDAMAN & NICOBAR,2022-06-12,L,7,115523.6326530613,10
ANDAMAN & NICOBAR,2022-06-13,L,7,115523.6326530613,10
ANDAMAN & NICOBAR,2022-06-14,M,5,22199.760000000068,10
ANDAMAN & NICOBAR,2022-06-15,XS,9,55373.061728395,10
ANDAMAN & NICOBAR,2022-06-16,XS,9,54602.00000000006,10
ANDAMAN & NICOBAR,2022-06-17,XS,9,54602.00000000006,10
ANDAMAN & NICOBAR,2022-06-18,XS,9,54602.00000000006,10
ANDAMAN & NICOBAR,2022-06-19,XS,9,54602.00000000006,10
ANDAMAN & NICOBAR,2022-06-20,XS,8,59886.6875,10
ANDAMAN & NICOBAR,2022-06-21,XS,8,59886.6875,10
ANDAMAN & NICOBAR,2022-06-22,M,9,19745.99999999994,10
ANDAMAN & NICOBAR,2022-06-23,M,11,19266.809917355422,10
ANDAMAN & NICOBAR,2022-06-24,M,12,21311.833333333314,10
ANDAMAN & NICOBAR,2022-06-25,M,11,22257.5371900826,10
ANDAMAN & NICOBAR,2022-06-26,M,11,28999.603305785102,10
ANDAMAN & NICOBAR,2022-06-27,M,13,32321.786982248537,10
ANDAMAN & NICOBAR,2022-06-28,M,12,30821.25,10
ANDAMAN & NICOBAR,2022-06-29,M,12,33482.805555555504,10
ANDAMAN & NICOBAR,2022-06-30,M,12,33482.805555555504,10
ANDAMAN & NICOBAR,2022-07-01,M,10,30583.0,10
ANDAMAN & NICOBAR,2022-07-02,M,8,33825.6875,10
ANDAMAN & NICOBAR,2022-07-03,M,6,18833.472222222248,10
ANDAMAN & NICOBAR,2022-07-04,M,4,5843.1875,10
ANDAMAN & NICOBAR,2022-07-05,M,4,5843.1875,10
ANDAMAN & NICOBAR,2022-07-06,M,3,7410.666666666657,10
ANDAMAN & NICOBAR,2022-07-07,M,1,0.0,10
ANDAMAN & NICOBAR,2022-07-08,M,1,0.0,10
ANDHRA PRADESH,2022-04-01,3XL,1,0.0,10
ANDHRA PRADESH,2022-04-02,M,12,119697.0,10
ANDHRA PRADESH,2022-04-03,M,18,105505.05246913579,10
ANDHRA PRADESH,2022-04-04,M,28,118486.26530612237,10
ANDHRA PRADESH,2022-04-05,M,35,100668.86204081622,10
ANDHRA PRADESH,2022-04-06,M,42,120955.40419501136,10
ANDHRA PRADESH,2022-04-07,XXL,52,78767.07248520711,10
ANDHRA PRADESH,2022-04-08,XXL,63,84819.808515999,10
ANDHRA PRADESH,2022-04-09,L,71,43751.00337234681,10
ANDHRA PRADESH,2022-04-10,L,83,55980.24415735237,10
ANDHRA PRADESH,2022-04-11,L,95,59581.42936288088,10
ANDHRA PRADESH,2022-04-12,L,98,64972.0566430653,10
ANDHRA PRADESH,2022-04-13,L,98,64787.92263640155,10
ANDHRA PRADESH,2022-04-14,L,97,81668.45382080978,10
ANDHRA PRADESH,2022-04-15,L,97,83839.47539589752,10
ANDHRA PRADESH,2022-04-16,L,102,83439.25999615528,10
ANDHRA PRADESH,2022-04-17,L,95,87648.59102493076,10
ANDHRA PRADESH,2022-04-18,L,95,90331.6946260389,10
ANDHRA PRADESH,2022-04-19,L,95,90885.12975069246,10
ANDHRA PRADESH,2022-04-20,L,93,79426.093883686,10
ANDHRA PRADESH,2022-04-21,L,98,71416.06466055807,10
ANDHRA PRADESH,2022-04-22,L,103,58852.086718823586,10
ANDHRA PRADESH,2022-04-23,XL,107,63014.62380993966,10
ANDHRA PRADESH,2022-04-24,L,112,54357.703364158166,10
ANDHRA PRADESH,2022-04-25,L,115,56409.026843100146,10
ANDHRA PRADESH,2022-04-26,L,110,57313.662892562046,10
ANDHRA PRADESH,2022-04-27,L,113,57719.381940637424,10
ANDHRA PRADESH,2022-04-28,L,117,57735.21776608954,10
ANDHRA PRADESH,2022-04-29,L,111,56366.14722830936,10
ANDHRA PRADESH,2022-04-30,L,113,56140.28757146222,10
ANDHRA PRADESH,2022-05-01,M,104,68975.58866494079,10
ANDHRA PRADESH,2022-05-02,M,107,63898.42047340382,10
ANDHRA PRADESH,2022-05-03,M,112,77515.03954081639,10
ANDHRA PRADESH,2022-05-04,M,109,86120.98392391216,10
ANDHRA PRADESH,2022-05-05,M,99,85444.66625854501,10
ANDHRA PRADESH,2022-05-06,L,102,40662.50365244137,10
ANDHRA PRADESH,2022-05-07,L,106,51455.44677821291,10
ANDHRA PRADESH,2022-05-08,XL,103,58865.905174851534,10
ANDHRA PRADESH,2022-05-09,L,111,81558.35711387062,10
ANDHRA PRADESH,2022-05-10,L,104,86482.34532174555,10
ANDHRA PRADESH,2022-05-11,L,104,86398.40976331366,10
ANDHRA PRADESH,2022-05-12,L,97,88852.82452970557,10
ANDHRA PRADESH,2022-05-13,L,90,94687.80802469136,10
ANDHRA PRADESH,2022-05-14,L,89,113012.51483398565,10
ANDHRA PRADESH,2022-05-15,L,82,134805.64500297437,10
ANDHRA PRADESH,2022-05-16,L,81,134608.7846364883,10
ANDHRA PRADESH,2022-05-17,L,78,128727.02843524003,10
ANDHRA PRADESH,2022-05-18,L,78,133017.88691650232,10
ANDHRA PRADESH,2022-05-19,L,73,110080.0480390318,10
ANDHRA PRADESH,2022-05-20,L,78,105132.2241946088,10
ANDHRA PRADESH,2022-05-21,L,75,104991.68462222221,10
ANDHRA PRADESH,2022-05-22,L,79,106130.98573946493,10
ANDHRA PRADESH,2022-05-23,L,73,109033.4708200412,10
ANDHRA PRADESH,2022-05-24,L,69,89488.85864314222,10
ANDHRA PRADESH,2022-05-25,L,67,82933.37758966367,10
ANDHRA PRADESH,2022-05-26,M,66,73051.66574839299,10
ANDHRA PRADESH,2022-05-27,M,68,71982.75173010386,10
ANDHRA PRADESH,2022-05-28,M,72,79380.3047839505,10
ANDHRA PRADESH,2022-05-29,M,74,85424.24543462374,10
ANDHRA PRADESH,2022-05-30,M,68,85588.96777681657,10
ANDHRA PRADESH,2022-05-31,M,78,89358.2504930966,10
ANDHRA PRADESH,2022-06-01,M,86,81118.70267712272,10
ANDHRA PRADESH,2022-06-02,M,91,85417.67202028743,10
ANDHRA PRADESH,2022-06-03,M,89,78405.15061229636,10
ANDHRA PRADESH,2022-06-04,M,89,81787.47405630606,10
ANDHRA PRADESH,2022-06-05,L,84,83085.33829365083,10
ANDHRA PRADESH,2022-06-06,L,89,96614.75293523556,10
ANDHRA PRADESH,2022-06-07,L,98,91329.7043940025,10
ANDHRA PRADESH,2022-06-08,L,108,89898.06550068589,10
ANDHRA PRADESH,2022-06-09,L,112,85012.5634566326,10
ANDHRA PRADESH,2022-06-10,L,110,78039.42685950414,10
ANDHRA PRADESH,2022-06-11,L,104,80313.69822485204,10
ANDHRA PRADESH,2022-06-12,L,109,87255.43354936456,10
ANDHRA PRADESH,2022-06-13,L,113,80736.99898190936,10
ANDHRA PRADESH,2022-06-14,L,113,79651.54812436376,10
ANDHRA PRADESH,2022-06-15,L,112,74641.8545918368,10
ANDHRA PRADESH,2022-06-16,L,104,72290.52135724848,10
ANDHRA PRADESH,2022-06-17,M,101,66504.45034800505,10
ANDHRA PRADESH,2022-06-18,M,99,65010.747678808344,10
ANDHRA PRADESH,2022-06-19,M,97,70691.37634180038,10
ANDHRA PRADESH,2022-06-20,L,98,91594.81226572255,10
ANDHRA PRADESH,2022-06-21,M,106,66743.33570665726,10
ANDHRA PRADESH,2022-06-22,L,102,87980.1192810458,10
ANDHRA PRADESH,2022-06-23,L,98,92758.9991670138,10
ANDHRA PRADESH,2022-06-24,L,100,104825.00039999996,10
ANDHRA PRADESH,2022-06-25,L,98,110322.29695960012,10
ANDHRA PRADESH,2022-06-26,L,99,101202.77685950423,10
ANDHRA PRADESH,2022-06-27,L,99,101687.25272931322,10
ANDHRA PRADESH,2022-06-28,L,90,105176.57580246922,10
ANDHRA PRADESH,2022-06-29,M,90,74033.39061728393,10
ANDHRA PRADESH,2022-06-30,M,84,75080.12287414965,10
ANDHRA PRADESH,2022-07-01,M,69,83264.35076664563,10
ANDHRA PRADESH,2022-07-02,M,67,85004.10425484518,10
ANDHRA PRADESH,2022-07-03,M,57,86704.13173284079,10
ANDHRA PRADESH,2022-07-04,M,49,81000.76801332773,10
ANDHRA PRADESH,2022-07-05,M,32,58792.55859375,10
ANDHRA PRADESH,2022-07-06,M,26,57106.27366863913,10
ANDHRA PRADESH,2022-07-07,M,19,54166.58725761768,10
ANDHRA PRADESH,2022-07-08,M,11,49496.446280991775,10
ANDHRA PRADESH,2022-07-09,S,3,152813.55555555556,10
AR,2022-05-31,L,1,0.0,10
AR,2022-06-01,L,1,0.0,10
AR,2022-06-02,L,1,0.0,10
AR,2022-06-03,L,1,0.0,10
AR,2022-06-04,L,1,0.0,10
AR,2022-06-05,L,1,0.0,10
AR,2022-06-06,L,1,0.0,10
AR,2022-06-07,L,1,0.0,10
AR,2022-06-08,L,1,0.0,10
AR,2022-06-09,L,1,0.0,10
ARUNACHAL PRADESH,2022-04-02,S,2,55696.0,10
ARUNACHAL PRADESH,2022-04-03,L,2,0.0,10
ARUNACHAL PRADESH,2022-04-04,L,2,0.0,10
ARUNACHAL PRADESH,2022-04-05,XS,3,19680.888888888818,10
ARUNACHAL PRADESH,2022-04-06,XS,5,84450.56000000006,10
ARUNACHAL PRADESH,2022-04-07,XS,6,73984.55555555562,10
ARUNACHAL PRADESH,2022-04-08,XS,6,73984.55555555562,10
ARUNACHAL PRADESH,2022-04-09,XS,6,73984.55555555562,10
ARUNACHAL PRADESH,2022-04-10,XS,6,73984.55555555562,10
ARUNACHAL PRADESH,2022-04-11,XS,6,73984.55555555562,10
ARUNACHAL PRADESH,2022-04-12,XS,6,73984.55555555562,10
ARUNACHAL PRADESH,2022-04-13,XS,7,65188.40816326521,10
ARUNACHAL PRADESH,2022-04-14,XS,5,50528.55999999994,10
ARUNACHAL PRADESH,2022-04-15,XS,6,71183.91666666663,10
ARUNACHAL PRADESH,2022-04-16,S,6,7453.138888888934,10
ARUNACHAL PRADESH,2022-04-17,S,6,7453.138888888934,10
ARUNACHAL PRADESH,2022-04-18,S,6,7453.138888888934,10
ARUNACHAL PRADESH,2022-04-19,S,6,7453.138888888934,10
ARUNACHAL PRADESH,2022-04-20,S,5,8168.560000000056,10
ARUNACHAL PRADESH,2022-04-21,S,5,8168.560000000056,10
ARUNACHAL PRADESH,2022-04-22,S,5,8168.560000000056,10
ARUNACHAL PRADESH,2022-04-23,S,5,8168.560000000056,10
ARUNACHAL PRADESH,2022-04-24,S,5,8168.560000000056,10
ARUNACHAL PRADESH,2022-04-25,M,3,12846.888888888876,10
ARUNACHAL PRADESH,2022-04-26,M,5,20265.360000000044,10
ARUNACHAL PRADESH,2022-04-27,M,5,20265.360000000044,10
ARUNACHAL PRADESH,2022-04-28,M,4,21039.25,10
ARUNACHAL PRADESH,2022-04-29,M,4,21039.25,10
ARUNACHAL PRADESH,2022-04-30,3XL,2,3025.0,10
ARUNACHAL PRADESH,2022-05-01,M,2,26406.25,10
ARUNACHAL PRADESH,2022-05-02,M,2,26406.25,10
ARUNACHAL PRADESH,2022-05-03,L,2,2500.0,10
ARUNACHAL PRADESH,2022-05-04,L,2,2500.0,10
ARUNACHAL PRADESH,2022-05-05,L,4,50444.1875,10
ARUNACHAL PRADESH,2022-05-06,L,5,53419.83999999997,10
ARUNACHAL PRADESH,2022-05-07,L,6,63489.33333333337,10
ARUNACHAL PRADESH,2022-05-08,L,6,63489.33333333337,10
ARUNACHAL PRADESH,2022-05-09,L,6,63489.33333333337,10
ARUNACHAL PRADESH,2022-05-10,L,6,63489.33333333337,10
ARUNACHAL PRADESH,2022-05-11,L,10,90939.60999999999,10
ARUNACHAL PRADESH,2022-05-12,L,10,90939.60999999999,10
ARUNACHAL PRADESH,2022-05-13,L,9,97101.58024691348,10
ARUNACHAL PRADESH,2022-05-14,L,9,97101.58024691348,10
ARUNACHAL PRADESH,2022-05-15,L,7,100209.6326530613,10
ARUNACHAL PRADESH,2022-05-16,L,6,107694.66666666663,10
ARUNACHAL PRADESH,2022-05-17,L,5,91787.6000000001,10
ARUNACHAL PRADESH,2022-05-18,L,5,91787.6000000001,10
ARUNACHAL PRADESH,2022-05-19,L,5,91787.6000000001,10
ARUNACHAL PRADESH,2022-05-20,L,5,91787.6000000001,10
ARUNACHAL PRADESH,2022-05-21,M,5,55592.24000000011,10
ARUNACHAL PRADESH,2022-05-22,M,5,55592.24000000011,10
ARUNACHAL PRADESH,2022-05-23,M,5,27510.96000000008,10
ARUNACHAL PRADESH,2022-05-24,M,7,67434.40816326527,10
ARUNACHAL PRADESH,2022-05-25,M,7,67434.40816326527,10
ARUNACHAL PRADESH,2022-05-26,M,6,78405.2222222223,10
ARUNACHAL PRADESH,2022-05-27,M,6,78405.2222222223,10
ARUNACHAL PRADESH,2022-05-28,M,6,78405.2222222223,10
ARUNACHAL PRADESH,2022-05-29,M,6,78405.2222222223,10
ARUNACHAL PRADESH,2022-05-30,M,5,92613.59999999998,10
ARUNACHAL PRADESH,2022-05-31,M,4,106414.1875,10
ARUNACHAL PRADESH,2022-06-01,M,4,106414.1875,10
ARUNACHAL PRADESH,2022-06-02,M,3,6338.888888888876,10
ARUNACHAL PRADESH,2022-06-03,L,3,65078.0,10
ARUNACHAL PRADESH,2022-06-04,L,3,65078.0,10
ARUNACHAL PRADESH,2022-06-05,XS,3,77702.88888888876,10
ARUNACHAL PRADESH,2022-06-06,L,4,64192.25,10
ARUNACHAL PRADESH,2022-06-07,L,4,64192.25,10
ARUNACHAL PRADESH,2022-06-08,L,4,64192.25,10
ARUNACHAL PRADESH,2022-06-09,L,4,64192.25,10
ARUNACHAL PRADESH,2022-06-10,L,6,55615.80555555556,10
ARUNACHAL PRADESH,2022-06-11,L,6,55615.80555555556,10
ARUNACHAL PRADESH,2022-06-12,L,5,56338.96000000002,10
ARUNACHAL PRADESH,2022-06-13,L,6,65456.0,10
ARUNACHAL PRADESH,2022-06-14,L,7,114741.55102040811,10
ARUNACHAL PRADESH,2022-06-15,L,7,114741.55102040811,10
ARUNACHAL PRADESH,2022-06-16,L,6,74566.88888888888,10
ARUNACHAL PRADESH,2022-06-17,L,6,74566.88888888888,10
ARUNACHAL PRADESH,2022-06-18,L,6,74566.88888888888,10
ARUNACHAL PRADESH,2022-06-19,L,6,74566.88888888888,10
ARUNACHAL PRADESH,2022-06-20,L,4,46163.1875,10
ARUNACHAL PRADESH,2022-06-21,L,4,46163.1875,10
ARUNACHAL PRADESH,2022-06-22,L,4,46163.1875,10
ARUNACHAL PRADESH,2022-06-23,S,2,1806.25,10
ARUNACHAL PRADESH,2022-06-24,S,2,1806.25,10
ARUNACHAL PRADESH,2022-06-25,S,2,0.0,10
ARUNACHAL PRADESH,2022-06-26,S,2,0.0,10
ARUNACHAL PRADESH,2022-06-27,S,2,0.0,10
ARUNACHAL PRADESH,2022-06-28,M,3,45784.888888888876,10
ARUNACHAL PRADESH,2022-06-29,M,3,45784.888888888876,10
ARUNACHAL PRADESH,2022-06-30,M,3,45784.888888888876,10
ARUNACHAL PRADESH,2022-07-01,M,3,45784.888888888876,10
ARUNACHAL PRADESH,2022-07-02,M,3,45784.888888888876,10
ARUNACHAL PRADESH,2022-07-03,M,3,45784.888888888876,10
ARUNACHAL PRADESH,2022-07-04,M,3,45784.888888888876,10
ARUNACHAL PRADESH,2022-07-05,L,2,16002.25,10
ARUNACHAL PRADESH,2022-07-06,L,1,0.0,10
ARUNACHAL PRADESH,2022-07-07,M,1,0.0,10
ASSAM,2022-04-02,L,6,34604.80555555562,10
ASSAM,2022-04-03,L,11,25740.181818181823,10
ASSAM,2022-04-04,L,13,57595.13609467447,10
ASSAM,2022-04-05,M,18,67660.9783950618,10
ASSAM,2022-04-06,M,26,70211.73520710052,10
ASSAM,2022-04-07,L,35,81199.43673469382,10
ASSAM,2022-04-08,L,36,79422.63580246916,10
ASSAM,2022-04-09,S,40,65652.20937499998,10
ASSAM,2022-04-10,L,44,70048.13378099172,10
ASSAM,2022-04-11,L,48,71408.3125,10
ASSAM,2022-04-12,S,48,75507.0399305555,10
ASSAM,2022-04-13,S,45,74454.15506172838,10
ASSAM,2022-04-14,L,50,73290.68839999998,10
ASSAM,2022-04-15,L,48,74095.97873263888,10
ASSAM,2022-04-16,L,46,77078.99810964073,10
ASSAM,2022-04-17,M,43,46679.86695511092,10
ASSAM,2022-04-18,M,46,53387.54064272216,10
ASSAM,2022-04-19,M,43,54307.49269875605,10
ASSAM,2022-04-20,M,43,59940.341806381824,10
ASSAM,2022-04-21,M,42,43197.42630385485,10
ASSAM,2022-04-22,M,46,40504.63516068045,10
ASSAM,2022-04-23,M,52,47832.051405325416,10
ASSAM,2022-04-24,M,55,50854.70876033057,10
ASSAM,2022-04-25,M,48,52611.164930555504,10
ASSAM,2022-04-26,M,43,57285.860465116275,10
ASSAM,2022-04-27,M,42,69723.01133786852,10
ASSAM,2022-04-28,S,40,98920.2099999999,10
ASSAM,2022-04-29,S,44,104945.32799586776,10
ASSAM,2022-04-30,S,45,97559.74617283948,10
ASSAM,2022-05-01,S,49,94733.62598917121,10
ASSAM,2022-05-02,S,47,101575.71208691725,10
ASSAM,2022-05-03,S,39,108677.38198553579,10
ASSAM,2022-05-04,S,38,116302.24722991692,10
ASSAM,2022-05-05,M,35,86014.63673469384,10
ASSAM,2022-05-06,M,36,76101.00617283944,10
ASSAM,2022-05-07,M,37,58381.7720964207,10
ASSAM,2022-05-08,M,37,55166.61358655954,10
ASSAM,2022-05-09,M,36,63913.6875,10
ASSAM,2022-05-10,M,35,90623.77632653067,10
ASSAM,2022-05-11,M,32,75201.171875,10
ASSAM,2022-05-12,M,34,73109.35294117645,10
ASSAM,2022-05-13,M,32,102040.7958984375,10
ASSAM,2022-05-14,M,29,110284.66111771698,10
ASSAM,2022-05-15,M,25,149802.28159999993,10
ASSAM,2022-05-16,M,23,148054.48771266546,10
ASSAM,2022-05-17,S,24,101591.0555555555,10
ASSAM,2022-05-18,S,28,91154.6734693877,10
ASSAM,2022-05-19,S,32,83792.24609375,10
ASSAM,2022-05-20,S,32,86088.6083984375,10
ASSAM,2022-05-21,S,30,77466.24888888886,10
ASSAM,2022-05-22,S,26,74490.96597633138,10
ASSAM,2022-05-23,S,26,79098.39053254446,10
ASSAM,2022-05-24,L,25,76616.87360000005,10
ASSAM,2022-05-25,L,28,69432.36096938781,10
ASSAM,2022-05-26,L,29,71625.41973840666,10
ASSAM,2022-05-27,L,24,76462.13888888888,10
ASSAM,2022-05-28,L,23,74627.36862003792,10
ASSAM,2022-05-29,L,21,65757.48752834467,10
ASSAM,2022-05-30,M,21,120336.3174603174,10
ASSAM,2022-05-31,L,22,46646.59504132229,10
ASSAM,2022-06-01,L,22,39424.42355371907,10
ASSAM,2022-06-02,L,22,36836.13429752062,10
ASSAM,2022-06-03,L,29,55682.10939357907,10
ASSAM,2022-06-04,L,26,56981.25,10
ASSAM,2022-06-05,L,28,63303.95280612254,10
ASSAM,2022-06-06,L,29,69482.66587395949,10
ASSAM,2022-06-07,L,30,73028.44888888887,10
ASSAM,2022-06-08,L,36,78377.35416666669,10
ASSAM,2022-06-09,L,37,81294.07888970053,10
ASSAM,2022-06-10,L,35,88225.66857142851,10
ASSAM,2022-06-11,L,32,95782.421875,10
ASSAM,2022-06-12,L,32,106511.5380859375,10
ASSAM,2022-06-13,M,29,100284.53269916773,10
ASSAM,2022-06-14,M,31,96033.10926118633,10
ASSAM,2022-06-15,S,29,102991.70511296077,10
ASSAM,2022-06-16,M,32,107711.55859375,10
ASSAM,2022-06-17,M,32,97570.125,10
ASSAM,2022-06-18,M,32,114527.2568359375,10
ASSAM,2022-06-19,M,31,115118.7325702394,10
ASSAM,2022-06-20,M,33,120165.32966023881,10
ASSAM,2022-06-21,M,33,98294.7272727273,10
ASSAM,2022-06-22,M,36,79926.9652777777,10
ASSAM,2022-06-23,M,35,85119.30122448987,10
ASSAM,2022-06-24,M,32,87262.83984375,10
ASSAM,2022-06-25,M,33,69370.81542699714,10
ASSAM,2022-06-26,M,31,65840.16024973989,10
ASSAM,2022-06-27,M,33,58035.015610652044,10
ASSAM,2022-06-28,M,31,65309.62539021851,10
ASSAM,2022-06-29,M,32,67186.4912109375,10
ASSAM,2022-06-30,M,27,61149.802469135844,10
ASSAM,2022-07-01,M,25,65245.382399999944,10
ASSAM,2022-07-02,M,20,76960.93999999994,10
ASSAM,2022-07-03,M,17,49381.05190311425,10
ASSAM,2022-07-04,M,15,55198.06222222216,10
ASSAM,2022-07-05,M,12,65204.472222222306,10
ASSAM,2022-07-06,M,10,73387.76000000007,10
ASSAM,2022-07-07,S,6,18010.472222222248,10
ASSAM,2022-07-08,XL,2,1369.0,10
ASSAM,2022-07-09,S,1,0.0,10
Arunachal Pradesh,2022-04-04,3XL,2,812.25,10
Arunachal Pradesh,2022-04-05,3XL,2,812.25,10
Arunachal Pradesh,2022-04-06,3XL,2,812.25,10
Arunachal Pradesh,2022-04-07,3XL,2,812.25,10
Arunachal Pradesh,2022-04-08,3XL,2,812.25,10
Arunachal Pradesh,2022-04-09,3XL,2,812.25,10
Arunachal Pradesh,2022-04-10,3XL,2,812.25,10
Arunachal Pradesh,2022-04-11,3XL,2,812.25,10
Arunachal Pradesh,2022-04-12,3XL,2,812.25,10
Arunachal Pradesh,2022-04-13,3XL,2,812.25,10
Arunachal pradesh,2022-05-06,XXL,1,0.0,10
Arunachal pradesh,2022-05-07,XXL,1,0.0,10
Arunachal pradesh,2022-05-08,XXL,1,0.0,10
Arunachal pradesh,2022-05-09,XXL,1,0.0,10
Arunachal pradesh,2022-05-10,XXL,1,0.0,10
Arunachal pradesh,2022-05-11,XXL,1,0.0,10
Arunachal pradesh,2022-05-12,XXL,1,0.0,10
Arunachal pradesh,2022-05-13,XXL,2,0.0,10
Arunachal pradesh,2022-05-14,XXL,2,0.0,10
Arunachal pradesh,2022-05-15,XXL,2,0.0,10
Arunachal pradesh,2022-05-16,XXL,1,0.0,10
Arunachal pradesh,2022-05-17,XXL,1,0.0,10
Arunachal pradesh,2022-05-18,XXL,1,0.0,10
Arunachal pradesh,2022-05-19,XXL,1,0.0,10
Arunachal pradesh,2022-05-20,XXL,1,0.0,10
Arunachal pradesh,2022-05-21,XXL,1,0.0,10
Arunachal pradesh,2022-05-22,XXL,1,0.0,10
BIHAR,2022-04-01,M,3,13334.222222222365,10
BIHAR,2022-04-02,M,9,26547.061728395056,10
BIHAR,2022-04-03,M,12,26200.805555555562,10
BIHAR,2022-04-04,M,20,64792.3600000001,10
BIHAR,2022-04-05,M,24,62999.706597222306,10
BIHAR,2022-04-06,M,29,59271.79310344829,10
BIHAR,2022-04-07,M,36,58147.87885802472,10
BIHAR,2022-04-08,M,42,64130.739795918285,10
BIHAR,2022-04-09,M,48,58767.43706597213,10
BIHAR,2022-04-10,M,52,64356.258505917096,10
BIHAR,2022-04-11,M,54,67343.53772290808,10
BIHAR,2022-04-12,M,53,116801.22249910992,10
BIHAR,2022-04-13,M,55,119781.8062809917,10
BIHAR,2022-04-14,M,50,116610.65959999996,10
BIHAR,2022-04-15,M,53,110884.6635813457,10
BIHAR,2022-04-16,M,57,107193.00092336093,10
BIHAR,2022-04-17,M,55,105592.052892562,10
BIHAR,2022-04-18,M,54,99447.59945130319,10
BIHAR,2022-04-19,M,60,96226.14750000002,10
BIHAR,2022-04-20,M,60,91922.94888888887,10
BIHAR,2022-04-21,M,62,90411.56841831427,10
BIHAR,2022-04-22,M,64,50446.77734375,10
BIHAR,2022-04-23,M,65,49636.857751479314,10
BIHAR,2022-04-24,M,65,48948.015621301776,10
BIHAR,2022-04-25,M,62,52869.565296566,10
BIHAR,2022-04-26,M,58,52061.991676575446,10
BIHAR,2022-04-27,M,60,56791.74333333329,10
BIHAR,2022-04-28,M,56,59224.05994897953,10
BIHAR,2022-04-29,M,46,62649.776937618095,10
BIHAR,2022-04-30,M,49,75210.16576426494,10
BIHAR,2022-05-01,M,52,66873.24852071004,10
BIHAR,2022-05-02,M,47,76358.33861475781,10
BIHAR,2022-05-03,M,50,72476.0624,10
BIHAR,2022-05-04,M,51,67951.36562860437,10
BIHAR,2022-05-05,M,54,76353.02469135803,10
BIHAR,2022-05-06,M,55,84385.72429752065,10
BIHAR,2022-05-07,M,51,78987.27797001152,10
BIHAR,2022-05-08,M,51,80865.50634371402,10
BIHAR,2022-05-09,M,54,90660.43895747606,10
BIHAR,2022-05-10,M,49,80207.28779675148,10
BIHAR,2022-05-11,M,42,102609.34467120178,10
BIHAR,2022-05-12,M,41,100400.98512790003,10
BIHAR,2022-05-13,M,41,121168.39500297443,10
BIHAR,2022-05-14,M,38,132082.87049861497,10
BIHAR,2022-05-15,M,33,148567.99632690533,10
BIHAR,2022-05-16,M,31,160897.0239334026,10
BIHAR,2022-05-17,M,29,177182.37336504157,10
BIHAR,2022-05-18,M,30,166500.0455555555,10
BIHAR,2022-05-19,S,29,122851.49346016656,10
BIHAR,2022-05-20,S,31,140899.55463059316,10
BIHAR,2022-05-21,S,29,147764.89655172417,10
BIHAR,2022-05-22,M,31,164203.28824141517,10
BIHAR,2022-05-23,L,34,110379.46366782021,10
BIHAR,2022-05-24,L,34,83547.22145328717,10
BIHAR,2022-05-25,L,35,61956.078367347014,10
BIHAR,2022-05-26,L,37,78928.73484295094,10
BIHAR,2022-05-27,L,38,75488.02216066478,10
BIHAR,2022-05-28,L,28,69135.97321428568,10
BIHAR,2022-05-29,M,31,155929.8688865765,10
BIHAR,2022-05-30,M,29,163677.0344827586,10
BIHAR,2022-05-31,L,31,68838.16024973983,10
BIHAR,2022-06-01,L,30,71089.37333333341,10
BIHAR,2022-06-02,L,28,81301.24872448982,10
BIHAR,2022-06-03,M,32,126797.1787109375,10
BIHAR,2022-06-04,M,32,122273.359375,10
BIHAR,2022-06-05,M,30,118311.59555555554,10
BIHAR,2022-06-06,M,35,107704.70204081631,10
BIHAR,2022-06-07,M,36,99498.68209876551,10
BIHAR,2022-06-08,M,34,85847.30190311407,10
BIHAR,2022-06-09,M,37,81296.25858290726,10
BIHAR,2022-06-10,M,38,63255.725761772715,10
BIHAR,2022-06-11,M,41,61200.75550267694,10
BIHAR,2022-06-12,M,43,54942.68469442945,10
BIHAR,2022-06-13,M,39,37658.12754766602,10
BIHAR,2022-06-14,M,40,42437.59937499993,10
BIHAR,2022-06-15,M,39,43030.16305062466,10
BIHAR,2022-06-16,M,35,40516.073469387775,10
BIHAR,2022-06-17,M,36,34648.68750000006,10
BIHAR,2022-06-18,M,36,44667.69444444444,10
BIHAR,2022-06-19,M,38,54867.40443213296,10
BIHAR,2022-06-20,M,39,53279.88297172921,10
BIHAR,2022-06-21,L,38,143690.94459833787,10
BIHAR,2022-06-22,M,35,51632.65632653062,10
BIHAR,2022-06-23,S,39,75459.68967784336,10
BIHAR,2022-06-24,S,36,77926.58950617269,10
BIHAR,2022-06-25,M,39,69605.8711374097,10
BIHAR,2022-06-26,M,38,76226.48268698057,10
BIHAR,2022-06-27,M,37,76213.6785975165,10
BIHAR,2022-06-28,S,38,70406.83725761774,10
BIHAR,2022-06-29,S,36,66228.86033950618,10
BIHAR,2022-06-30,S,35,71136.13061224489,10
BIHAR,2022-07-01,S,30,81524.39555555553,10
BIHAR,2022-07-02,S,25,86717.33439999999,10
BIHAR,2022-07-03,M,18,88910.2839506173,10
BIHAR,2022-07-04,M,16,80512.625,10
BIHAR,2022-07-05,S,12,71098.90972222225,10
BIHAR,2022-07-06,S,11,76844.51239669428,10
BIHAR,2022-07-07,S,7,114270.53061224485,10
BIHAR,2022-07-08,XL,3,16749.555555555504,10
BIHAR,2022-07-09,S,2,21609.0,10
Bihar,2022-04-05,M,2,812.25,10
Bihar,2022-04-06,M,2,812.25,10
Bihar,2022-04-07,M,3,6628.22222222219,10
Bihar,2022-04-08,M,3,6628.22222222219,10
Bihar,2022-04-09,M,3,6628.22222222219,10
Bihar,2022-04-10,M,3,6628.22222222219,10
Bihar,2022-04-11,M,3,6628.22222222219,10
Bihar,2022-04-12,M,3,6628.22222222219,10
Bihar,2022-04-13,M,3,6628.22222222219,10
Bihar,2022-04-14,M,3,6628.22222222219,10
Bihar,2022-04-15,S,3,14142.888888888934,10
Bihar,2022-04-16,S,3,14142.888888888934,10
Bihar,2022-04-17,S,3,14142.888888888934,10
Bihar,2022-04-18,S,2,6162.25,10
Bihar,2022-04-19,S,2,6162.25,10
Bihar,2022-04-20,XS,2,110.25,10
Bihar,2022-04-21,XS,2,110.25,10
Bihar,2022-04-22,XS,2,110.25,10
Bihar,2022-04-23,XS,2,110.25,10
Bihar,2022-04-24,XS,2,110.25,10
Bihar,2022-04-25,XS,2,110.25,10
Bihar,2022-04-26,XS,2,110.25,10
Bihar,2022-04-27,XS,2,110.25,10
Bihar,2022-04-28,M,3,58320.888888888876,10
Bihar,2022-04-29,M,3,58320.888888888876,10
Bihar,2022-04-30,M,3,58320.888888888876,10
Bihar,2022-05-01,M,2,70756.0,10
Bihar,2022-05-02,M,2,70756.0,10
Bihar,2022-05-03,M,2,70756.0,10
Bihar,2022-05-04,M,2,70756.0,10
Bihar,2022-05-05,M,2,70756.0,10
Bihar,2022-05-06,XXL,2,27889.0,10
Bihar,2022-05-07,XXL,2,27889.0,10
Bihar,2022-05-08,XXL,2,27889.0,10
Bihar,2022-05-09,L,1,0.0,10
Bihar,2022-05-10,L,1,0.0,10
Bihar,2022-05-11,L,1,0.0,10
Bihar,2022-05-12,L,1,0.0,10
Bihar,2022-05-13,L,1,0.0,10
Bihar,2022-05-14,L,1,0.0,10
Bihar,2022-05-15,L,1,0.0,10
Bihar,2022-05-16,S,1,0.0,10
Bihar,2022-05-17,S,1,0.0,10
Bihar,2022-05-18,S,1,0.0,10
Bihar,2022-05-21,XL,1,0.0,10
Bihar,2022-05-22,XL,1,0.0,10
Bihar,2022-05-23,XL,1,0.0,10
Bihar,2022-05-24,XL,1,0.0,10
Bihar,2022-05-25,XL,1,0.0,10
Bihar,2022-05-26,XL,1,0.0,10
Bihar,2022-05-27,XL,1,0.0,10
Bihar,2022-05-28,XL,1,0.0,10
Bihar,2022-05-29,XL,1,0.0,10
Bihar,2022-05-30,XL,1,0.0,10
Bihar,2022-06-11,L,1,0.0,10
Bihar,2022-06-12,L,1,0.0,10
Bihar,2022-06-13,L,1,0.0,10
Bihar,2022-06-14,L,1,0.0,10
Bihar,2022-06-15,L,1,0.0,10
Bihar,2022-06-16,L,1,0.0,10
Bihar,2022-06-17,L,1,0.0,10
Bihar,2022-06-18,L,1,0.0,10
Bihar,2022-06-19,L,1,0.0,10
Bihar,2022-06-20,L,1,0.0,10
Bihar,2022-06-21,M,1,0.0,10
Bihar,2022-06-22,XXL,2,12432.25,10
Bihar,2022-06-23,XXL,2,12432.25,10
Bihar,2022-06-24,XXL,2,12432.25,10
Bihar,2022-06-25,XXL,2,12432.25,10
Bihar,2022-06-26,XXL,2,12432.25,10
Bihar,2022-06-27,XXL,2,12432.25,10
Bihar,2022-06-28,XXL,2,12432.25,10
Bihar,2022-06-29,XXL,2,12432.25,10
Bihar,2022-06-30,XXL,2,12432.25,10
Bihar,2022-07-01,XXL,2,12432.25,10
CHANDIGARH,2022-04-01,3XL,1,0.0,10
CHANDIGARH,2022-04-02,3XL,4,62021.6875,10
CHANDIGARH,2022-04-03,3XL,4,62021.6875,10
CHANDIGARH,2022-04-04,3XL,4,62021.6875,10
CHANDIGARH,2022-04-05,3XL,4,62021.6875,10
CHANDIGARH,2022-04-06,3XL,4,62021.6875,10
CHANDIGARH,2022-04-07,3XL,4,62021.6875,10
CHANDIGARH,2022-04-08,3XL,5,50247.360000000044,10
CHANDIGARH,2022-04-09,L,9,78946.09876543214,10
CHANDIGARH,2022-04-10,L,9,78946.09876543214,10
CHANDIGARH,2022-04-11,L,9,78946.09876543214,10
CHANDIGARH,2022-04-12,L,9,32911.33333333337,10
CHANDIGARH,2022-04-13,L,9,32911.33333333337,10
CHANDIGARH,2022-04-14,L,11,36118.38016528927,10
CHANDIGARH,2022-04-15,L,11,36118.38016528927,10
CHANDIGARH,2022-04-16,L,9,41762.444444444496,10
CHANDIGARH,2022-04-17,L,9,40832.44444444438,10
CHANDIGARH,2022-04-18,L,9,47500.888888888876,10
CHANDIGARH,2022-04-19,L,6,28091.222222222248,10
CHANDIGARH,2022-04-20,L,7,25077.38775510207,10
CHANDIGARH,2022-04-21,L,7,25077.38775510207,10
CHANDIGARH,2022-04-22,L,7,16830.693877550977,10
CHANDIGARH,2022-04-23,L,14,88246.9795918368,10
CHANDIGARH,2022-04-24,L,15,105406.99555555556,10
CHANDIGARH,2022-04-25,L,16,99557.5625,10
CHANDIGARH,2022-04-26,L,16,99557.5625,10
CHANDIGARH,2022-04-27,L,15,98625.73333333328,10
CHANDIGARH,2022-04-28,L,14,95586.06632653053,10
CHANDIGARH,2022-04-29,L,13,97846.76923076925,10
CHANDIGARH,2022-04-30,L,12,103329.88888888888,10
CHANDIGARH,2022-05-01,L,13,97393.46745562134,10
CHANDIGARH,2022-05-02,L,13,86789.4437869821,10
CHANDIGARH,2022-05-03,XXL,8,89703.734375,10
CHANDIGARH,2022-05-04,XXL,7,41642.97959183669,10
CHANDIGARH,2022-05-05,XXL,7,41642.97959183669,10
CHANDIGARH,2022-05-06,3XL,7,53477.14285714284,10
CHANDIGARH,2022-05-07,3XL,8,68548.9375,10
CHANDIGARH,2022-05-08,3XL,10,83526.40999999997,10
CHANDIGARH,2022-05-09,3XL,10,83526.40999999997,10
CHANDIGARH,2022-05-10,XL,9,19204.395061728486,10
CHANDIGARH,2022-05-11,3XL,9,46461.283950617246,10
CHANDIGARH,2022-05-12,XL,8,21535.5,10
CHANDIGARH,2022-05-13,XL,8,21535.5,10
CHANDIGARH,2022-05-14,XL,7,24588.489795918285,10
CHANDIGARH,2022-05-15,M,8,30490.6875,10
CHANDIGARH,2022-05-16,3XL,8,49230.0,10
CHANDIGARH,2022-05-17,M,8,26828.6875,10
CHANDIGARH,2022-05-18,M,8,26828.6875,10
CHANDIGARH,2022-05-19,XL,7,22352.979591836716,10
CHANDIGARH,2022-05-20,XL,6,21653.333333333343,10
CHANDIGARH,2022-05-21,3XL,7,31578.530612244853,10
CHANDIGARH,2022-05-22,3XL,7,31578.530612244853,10
CHANDIGARH,2022-05-23,3XL,8,27838.859375,10
CHANDIGARH,2022-05-24,3XL,8,27838.859375,10
CHANDIGARH,2022-05-25,L,7,137462.48979591823,10
CHANDIGARH,2022-05-26,XL,7,47405.06122448982,10
CHANDIGARH,2022-05-27,XL,6,52034.22222222219,10
CHANDIGARH,2022-05-28,XL,6,52034.22222222219,10
CHANDIGARH,2022-05-29,XXL,4,128886.1875,10
CHANDIGARH,2022-05-30,XXL,4,128886.1875,10
CHANDIGARH,2022-05-31,XXL,4,128886.1875,10
CHANDIGARH,2022-06-01,M,5,56135.83999999997,10
CHANDIGARH,2022-06-02,XXL,5,115675.35999999987,10
CHANDIGARH,2022-06-03,L,5,95616.55999999994,10
CHANDIGARH,2022-06-04,L,7,74518.12244897953,10
CHANDIGARH,2022-06-05,L,7,74518.12244897953,10
CHANDIGARH,2022-06-06,L,7,74518.12244897953,10
CHANDIGARH,2022-06-07,L,7,74518.12244897953,10
CHANDIGARH,2022-06-08,L,7,74518.12244897953,10
CHANDIGARH,2022-06-09,L,7,74518.12244897953,10
CHANDIGARH,2022-06-10,XL,8,76938.359375,10
CHANDIGARH,2022-06-11,XL,8,76938.359375,10
CHANDIGARH,2022-06-12,XL,8,34089.609375,10
CHANDIGARH,2022-06-13,XL,9,32346.320987654384,10
CHANDIGARH,2022-06-14,XL,7,35301.6326530613,10
CHANDIGARH,2022-06-15,XL,8,35745.234375,10
CHANDIGARH,2022-06-16,M,9,62150.17283950624,10
CHANDIGARH,2022-06-17,XL,8,48889.359375,10
CHANDIGARH,2022-06-18,M,9,62890.61728395056,10
CHANDIGARH,2022-06-19,M,9,159381.11111111112,10
CHANDIGARH,2022-06-20,M,9,169146.54320987652,10
CHANDIGARH,2022-06-21,XL,6,57675.66666666663,10
CHANDIGARH,2022-06-22,L,5,64938.640000000014,10
CHANDIGARH,2022-06-23,M,5,184318.24,10
CHANDIGARH,2022-06-24,M,6,153814.138888889,10
CHANDIGARH,2022-06-25,M,5,183898.56000000006,10
CHANDIGARH,2022-06-26,M,5,184290.55999999994,10
CHANDIGARH,2022-06-27,XS,6,15896.888888888934,10
CHANDIGARH,2022-06-28,M,6,139661.88888888876,10
CHANDIGARH,2022-06-29,XS,5,18231.360000000102,10
CHANDIGARH,2022-06-30,XS,5,18231.360000000102,10
CHANDIGARH,2022-07-01,XS,5,18231.360000000102,10
CHANDIGARH,2022-07-02,M,4,4163.1875,10
CHANDIGARH,2022-07-03,M,4,4163.1875,10
CHANDIGARH,2022-07-04,M,3,2544.222222222248,10
CHANDIGARH,2022-07-05,M,3,2544.222222222248,10
CHANDIGARH,2022-07-06,M,2,2862.25,10
CHANDIGARH,2022-07-07,3XL,1,0.0,10
CHANDIGARH,2022-07-08,S,1,0.0,10
CHHATTISGARH,2022-04-01,M,1,0.0,10
CHHATTISGARH,2022-04-02,L,3,86920.66666666669,10
CHHATTISGARH,2022-04-03,L,5,85368.40000000002,10
CHHATTISGARH,2022-04-04,M,9,44368.09876543202,10
CHHATTISGARH,2022-04-05,M,11,47762.925619834685,10
CHHATTISGARH,2022-04-06,M,11,47762.925619834685,10
CHHATTISGARH,2022-04-07,M,12,45159.90972222219,10
CHHATTISGARH,2022-04-08,M,14,54735.24489795929,10
CHHATTISGARH,2022-04-09,M,16,54275.65234375,10
CHHATTISGARH,2022-04-10,M,18,57358.570987654384,10
CHHATTISGARH,2022-04-11,M,18,62537.36111111101,10
CHHATTISGARH,2022-04-12,S,24,89756.5399305555,10
CHHATTISGARH,2022-04-13,S,23,93207.95463137986,10
CHHATTISGARH,2022-04-14,S,23,93088.28733459365,10
CHHATTISGARH,2022-04-15,S,23,85711.0094517959,10
CHHATTISGARH,2022-04-16,S,22,95197.14876033051,10
CHHATTISGARH,2022-04-17,S,22,93755.06611570256,10
CHHATTISGARH,2022-04-18,S,22,96293.95867768594,10
CHHATTISGARH,2022-04-19,S,25,99921.12000000005,10
CHHATTISGARH,2022-04-20,S,25,78659.1104,10
CHHATTISGARH,2022-04-21,S,26,65642.2130177514,10
CHHATTISGARH,2022-04-22,M,23,54951.14933837426,10
CHHATTISGARH,2022-04-23,S,22,64890.12603305775,10
CHHATTISGARH,2022-04-24,M,24,45296.623263888934,10
CHHATTISGARH,2022-04-25,M,25,51470.16960000002,10
CHHATTISGARH,2022-04-26,M,26,55453.76923076925,10
CHHATTISGARH,2022-04-27,M,27,57336.982167352515,10
CHHATTISGARH,2022-04-28,M,27,58043.061728395056,10
CHHATTISGARH,2022-04-29,M,27,39964.850480109744,10
CHHATTISGARH,2022-04-30,M,24,38696.388888888934,10
CHHATTISGARH,2022-05-01,M,26,39863.386094674526,10
CHHATTISGARH,2022-05-02,M,27,38923.94513031555,10
CHHATTISGARH,2022-05-03,M,28,40022.96301020414,10
CHHATTISGARH,2022-05-04,M,25,40684.649600000004,10
CHHATTISGARH,2022-05-05,M,22,46108.57231404958,10
CHHATTISGARH,2022-05-06,M,20,38319.03999999992,10
CHHATTISGARH,2022-05-07,S,22,38413.87603305775,10
CHHATTISGARH,2022-05-08,S,22,51469.68595041317,10
CHHATTISGARH,2022-05-09,S,20,54960.69,10
CHHATTISGARH,2022-05-10,M,19,55789.495844875346,10
CHHATTISGARH,2022-05-11,M,18,61707.47222222225,10
CHHATTISGARH,2022-05-12,M,17,75442.2422145328,10
CHHATTISGARH,2022-05-13,M,15,74748.3733333333,10
CHHATTISGARH,2022-05-14,M,14,80048.45408163278,10
CHHATTISGARH,2022-05-15,M,15,73908.37333333335,10
CHHATTISGARH,2022-05-16,M,15,73908.37333333335,10
CHHATTISGARH,2022-05-17,L,16,53832.33984375,10
CHHATTISGARH,2022-05-18,L,16,66309.58984375,10
CHHATTISGARH,2022-05-19,L,19,60046.86980609421,10
CHHATTISGARH,2022-05-20,L,20,60685.0,10
CHHATTISGARH,2022-05-21,L,18,65497.765432098706,10
CHHATTISGARH,2022-05-22,L,19,106847.88365650974,10
CHHATTISGARH,2022-05-23,L,20,117991.34749999997,10
CHHATTISGARH,2022-05-24,L,25,100883.71839999995,10
CHHATTISGARH,2022-05-25,L,26,100932.94082840235,10
CHHATTISGARH,2022-05-26,L,24,88655.0399305555,10
CHHATTISGARH,2022-05-27,L,20,100309.22749999998,10
CHHATTISGARH,2022-05-28,L,19,92971.00831024931,10
CHHATTISGARH,2022-05-29,L,18,160369.58333333337,10
CHHATTISGARH,2022-05-30,L,19,183168.2603878117,10
CHHATTISGARH,2022-05-31,L,21,182686.81632653065,10
CHHATTISGARH,2022-06-01,L,18,172782.36111111112,10
CHHATTISGARH,2022-06-02,L,19,173884.8310249307,10
CHHATTISGARH,2022-06-03,M,15,71188.06222222222,10
CHHATTISGARH,2022-06-04,M,14,75936.85714285716,10
CHHATTISGARH,2022-06-05,M,15,70879.43999999994,10
CHHATTISGARH,2022-06-06,S,17,58227.58477508655,10
CHHATTISGARH,2022-06-07,S,16,58476.80859375,10
CHHATTISGARH,2022-06-08,M,16,67215.234375,10
CHHATTISGARH,2022-06-09,S,15,70984.78222222225,10
CHHATTISGARH,2022-06-10,M,15,78271.12888888892,10
CHHATTISGARH,2022-06-11,M,14,61152.65816326527,10
CHHATTISGARH,2022-06-12,M,17,75555.23183390993,10
CHHATTISGARH,2022-06-13,M,19,121827.90027700824,10
CHHATTISGARH,2022-06-14,M,19,121827.90027700824,10
CHHATTISGARH,2022-06-15,M,19,122800.19944598334,10
CHHATTISGARH,2022-06-16,M,17,133749.51557093428,10
CHHATTISGARH,2022-06-17,M,17,101604.69896193774,10
CHHATTISGARH,2022-06-18,L,16,92736.74609375,10
CHHATTISGARH,2022-06-19,L,16,94790.609375,10
CHHATTISGARH,2022-06-20,M,14,178614.02551020402,10
CHHATTISGARH,2022-06-21,M,17,165411.63321799313,10
CHHATTISGARH,2022-06-22,M,17,141990.4775086505,10
CHHATTISGARH,2022-06-23,M,18,105437.58333333326,10
CHHATTISGARH,2022-06-24,M,20,108725.48750000005,10
CHHATTISGARH,2022-06-25,M,20,106596.92750000005,10
CHHATTISGARH,2022-06-26,M,23,97722.25330812851,10
CHHATTISGARH,2022-06-27,M,21,110280.84807256231,10
CHHATTISGARH,2022-06-28,M,20,71107.11000000004,10
CHHATTISGARH,2022-06-29,M,21,68009.1337868481,10
CHHATTISGARH,2022-06-30,M,19,74006.77008310251,10
CHHATTISGARH,2022-07-01,M,16,61346.96484375,10
CHHATTISGARH,2022-07-02,M,13,31653.005917159724,10
CHHATTISGARH,2022-07-03,M,9,32404.987654321012,10
CHHATTISGARH,2022-07-04,M,7,28006.4897959184,10
CHHATTISGARH,2022-07-05,M,6,31980.888888888934,10
CHHATTISGARH,2022-07-06,M,3,26993.555555555562,10
CHHATTISGARH,2022-07-07,M,2,2970.25,10
CHHATTISGARH,2022-07-08,M,1,0.0,10
Chandigarh,2022-04-09,M,1,0.0,10
Chandigarh,2022-04-10,M,1,0.0,10
Chandigarh,2022-04-11,M,1,0.0,10
Chandigarh,2022-04-12,M,1,0.0,10
Chandigarh,2022-04-13,3XL,1,0.0,10
Chandigarh,2022-04-14,3XL,1,0.0,10
Chandigarh,2022-04-15,3XL,2,52212.25,10
Chandigarh,2022-04-16,3XL,2,52212.25,10
Chandigarh,2022-04-17,3XL,2,52212.25,10
Chandigarh,2022-04-18,3XL,2,52212.25,10
Chandigarh,2022-04-19,3XL,2,52212.25,10
Chandigarh,2022-04-20,3XL,2,52212.25,10
Chandigarh,2022-04-21,3XL,2,52212.25,10
Chandigarh,2022-04-22,3XL,2,52212.25,10
Chandigarh,2022-04-23,3XL,1,0.0,10
Chandigarh,2022-04-24,3XL,1,0.0,10
Chandigarh,2022-05-05,M,1,0.0,10
Chandigarh,2022-05-06,M,1,0.0,10
Chandigarh,2022-05-07,M,1,0.0,10
Chandigarh,2022-05-08,M,1,0.0,10
Chandigarh,2022-05-09,M,1,0.0,10
Chandigarh,2022-05-10,M,1,0.0,10
Chandigarh,2022-05-11,M,1,0.0,10
Chandigarh,2022-05-12,M,1,0.0,10
Chandigarh,2022-05-13,M,1,0.0,10
Chandigarh,2022-05-14,M,1,0.0,10
Chandigarh,2022-05-29,6XL,1,0.0,10
Chandigarh,2022-05-30,6XL,1,0.0,10
Chandigarh,2022-05-31,6XL,1,0.0,10
Chandigarh,2022-06-01,6XL,1,0.0,10
Chandigarh,2022-06-02,6XL,2,784.0,10
Chandigarh,2022-06-03,6XL,2,784.0,10
Chandigarh,2022-06-04,6XL,2,784.0,10
Chandigarh,2022-06-05,6XL,2,784.0,10
Chandigarh,2022-06-06,6XL,2,784.0,10
Chandigarh,2022-06-07,6XL,2,784.0,10
Chandigarh,2022-06-08,6XL,1,0.0,10
Chandigarh,2022-06-09,6XL,1,0.0,10
Chandigarh,2022-06-10,6XL,1,0.0,10
Chandigarh,2022-06-11,6XL,1,0.0,10
Chandigarh,2022-06-16,6XL,1,0.0,10
Chandigarh,2022-06-17,6XL,1,0.0,10
Chandigarh,2022-06-18,6XL,1,0.0,10
Chandigarh,2022-06-19,6XL,1,0.0,10
Chandigarh,2022-06-20,6XL,1,0.0,10
Chandigarh,2022-06-21,6XL,1,0.0,10
Chandigarh,2022-06-22,6XL,1,0.0,10
Chandigarh,2022-06-23,6XL,1,0.0,10
Chandigarh,2022-06-24,6XL,1,0.0,10
Chandigarh,2022-06-25,6XL,1,0.0,10
Chandigarh,2022-06-26,L,1,0.0,10
Chandigarh,2022-06-27,L,1,0.0,10
Chandigarh,2022-06-28,L,1,0.0,10
Chandigarh,2022-06-29,L,1,0.0,10
DADRA AND NAGAR,2022-04-02,XS,1,0.0,10
DADRA AND NAGAR,2022-04-03,XS,1,0.0,10
DADRA AND NAGAR,2022-04-04,XL,1,0.0,10
DADRA AND NAGAR,2022-04-05,M,1,0.0,10
DADRA AND NAGAR,2022-04-06,L,1,0.0,10
DADRA AND NAGAR,2022-04-07,L,2,11449.0,10
DADRA AND NAGAR,2022-04-08,L,2,11449.0,10
DADRA AND NAGAR,2022-04-09,L,3,14438.22222222219,10
DADRA AND NAGAR,2022-04-10,L,3,14438.22222222219,10
DADRA AND NAGAR,2022-04-11,L,3,14438.22222222219,10
DADRA AND NAGAR,2022-04-12,L,3,14438.22222222219,10
DADRA AND NAGAR,2022-04-13,L,3,14438.22222222219,10
DADRA AND NAGAR,2022-04-14,L,3,14438.22222222219,10
DADRA AND NAGAR,2022-04-15,L,3,14438.22222222219,10
DADRA AND NAGAR,2022-04-16,L,2,1156.0,10
DADRA AND NAGAR,2022-04-17,XS,2,240.25,10
DADRA AND NAGAR,2022-04-18,XS,2,240.25,10
DADRA AND NAGAR,2022-04-19,XS,3,8916.22222222219,10
DADRA AND NAGAR,2022-04-20,XS,3,8916.22222222219,10
DADRA AND NAGAR,2022-04-21,XS,3,8916.22222222219,10
DADRA AND NAGAR,2022-04-22,XS,3,8916.22222222219,10
DADRA AND NAGAR,2022-04-23,XS,3,8916.22222222219,10
DADRA AND NAGAR,2022-04-24,XS,3,8916.22222222219,10
DADRA AND NAGAR,2022-04-25,XS,3,8916.22222222219,10
DADRA AND NAGAR,2022-04-26,XS,3,8916.22222222219,10
DADRA AND NAGAR,2022-04-27,M,2,2500.0,10
DADRA AND NAGAR,2022-04-28,M,2,2500.0,10
DADRA AND NAGAR,2022-04-29,M,2,2500.0,10
DADRA AND NAGAR,2022-04-30,M,2,2500.0,10
DADRA AND NAGAR,2022-05-01,3XL,4,203.5,10
DADRA AND NAGAR,2022-05-02,3XL,4,203.5,10
DADRA AND NAGAR,2022-05-03,3XL,4,203.5,10
DADRA AND NAGAR,2022-05-04,3XL,4,203.5,10
DADRA AND NAGAR,2022-05-05,3XL,4,203.5,10
DADRA AND NAGAR,2022-05-06,3XL,4,203.5,10
DADRA AND NAGAR,2022-05-07,3XL,4,203.5,10
DADRA AND NAGAR,2022-05-08,3XL,4,203.5,10
DADRA AND NAGAR,2022-05-09,3XL,4,203.5,10
DADRA AND NAGAR,2022-05-10,3XL,4,203.5,10
DADRA AND NAGAR,2022-05-11,XL,3,48082.66666666663,10
DADRA AND NAGAR,2022-05-12,L,3,31952.888888888818,10
DADRA AND NAGAR,2022-05-13,L,3,31952.888888888818,10
DADRA AND NAGAR,2022-05-14,L,3,31952.888888888818,10
DADRA AND NAGAR,2022-05-15,L,4,31386.1875,10
DADRA AND NAGAR,2022-05-16,L,4,31386.1875,10
DADRA AND NAGAR,2022-05-17,L,4,31386.1875,10
DADRA AND NAGAR,2022-05-18,S,3,26106.0,10
DADRA AND NAGAR,2022-05-19,S,3,26106.0,10
DADRA AND NAGAR,2022-05-20,S,3,26106.0,10
DADRA AND NAGAR,2022-05-21,L,3,38841.55555555556,10
DADRA AND NAGAR,2022-05-22,L,2,992.25,10
DADRA AND NAGAR,2022-05-23,L,2,992.25,10
DADRA AND NAGAR,2022-05-24,L,2,992.25,10
DADRA AND NAGAR,2022-05-25,M,1,0.0,10
DADRA AND NAGAR,2022-05-26,M,1,0.0,10
DADRA AND NAGAR,2022-05-27,M,1,0.0,10
DADRA AND NAGAR,2022-06-02,M,1,0.0,10
DADRA AND NAGAR,2022-06-03,M,1,0.0,10
DADRA AND NAGAR,2022-06-04,M,1,0.0,10
DADRA AND NAGAR,2022-06-05,M,1,0.0,10
DADRA AND NAGAR,2022-06-06,M,1,0.0,10
DADRA AND NAGAR,2022-06-07,M,1,0.0,10
DADRA AND NAGAR,2022-06-08,L,1,0.0,10
DADRA AND NAGAR,2022-06-09,L,1,0.0,10
DADRA AND NAGAR,2022-06-10,L,1,0.0,10
DADRA AND NAGAR,2022-06-11,M,3,3238.222222222248,10
DADRA AND NAGAR,2022-06-12,M,2,1849.0,10
DADRA AND NAGAR,2022-06-13,M,5,50900.95999999996,10
DADRA AND NAGAR,2022-06-14,M,5,50900.95999999996,10
DADRA AND NAGAR,2022-06-15,M,5,50900.95999999996,10
DADRA AND NAGAR,2022-06-16,M,5,50900.95999999996,10
DADRA AND NAGAR,2022-06-17,M,6,42447.888888888934,10
DADRA AND NAGAR,2022-06-18,M,6,42447.888888888934,10
DADRA AND NAGAR,2022-06-19,M,6,42447.888888888934,10
DADRA AND NAGAR,2022-06-20,M,6,42447.888888888934,10
DADRA AND NAGAR,2022-06-21,M,4,54373.25,10
DADRA AND NAGAR,2022-06-22,M,4,54373.25,10
DADRA AND NAGAR,2022-06-23,3XL,1,0.0,10
DADRA AND NAGAR,2022-06-24,3XL,1,0.0,10
DADRA AND NAGAR,2022-06-25,3XL,1,0.0,10
DADRA AND NAGAR,2022-06-26,M,1,0.0,10
DADRA AND NAGAR,2022-06-27,M,1,0.0,10
DADRA AND NAGAR,2022-06-28,M,1,0.0,10
DADRA AND NAGAR,2022-06-29,M,1,0.0,10
DADRA AND NAGAR,2022-06-30,M,1,0.0,10
DADRA AND NAGAR,2022-07-01,M,1,0.0,10
DADRA AND NAGAR,2022-07-02,M,1,0.0,10
DADRA AND NAGAR,2022-07-03,M,1,0.0,10
DADRA AND NAGAR,2022-07-04,M,1,0.0,10
DADRA AND NAGAR,2022-07-05,M,1,0.0,10
DADRA AND NAGAR,2022-07-06,M,1,0.0,10
DELHI,2022-04-01,XS,4,138366.6875,10
DELHI,2022-04-02,M,18,93108.95061728393,10
DELHI,2022-04-03,L,30,89484.91222222219,10
DELHI,2022-04-04,L,47,76856.37211407872,10
DELHI,2022-04-05,L,60,79380.6830555555,10
DELHI,2022-04-06,L,75,74051.60888888879,10
DELHI,2022-04-07,L,88,71205.04635847104,10
DELHI,2022-04-08,L,101,75940.62150769535,10
DELHI,2022-04-09,L,118,74888.87108589482,10
DELHI,2022-04-10,L,129,75117.79953127814,10
DELHI,2022-04-11,L,144,73638.20095486118,10
DELHI,2022-04-12,XL,145,60815.90344827587,10
DELHI,2022-04-13,L,138,65149.084226002975,10
DELHI,2022-04-14,L,137,73131.2919175236,10
DELHI,2022-04-15,L,138,68046.9103129594,10
DELHI,2022-04-16,XL,136,68840.88581314881,10
DELHI,2022-04-17,XL,147,69775.12018140586,10
DELHI,2022-04-18,XL,143,72246.67572986457,10
DELHI,2022-04-19,M,137,76571.53924023657,10
DELHI,2022-04-20,M,140,69925.54872448975,10
DELHI,2022-04-21,M,143,75323.5141082693,10
DELHI,2022-04-22,M,150,76011.55395555549,10
DELHI,2022-04-23,M,151,76460.2256918556,10
DELHI,2022-04-24,M,157,77564.57259929419,10
DELHI,2022-04-25,M,157,78519.66708588589,10
DELHI,2022-04-26,M,152,74235.91481994459,10
DELHI,2022-04-27,M,148,85056.89641161432,10
DELHI,2022-04-28,M,143,83128.92767372483,10
DELHI,2022-04-29,M,141,79451.6626930235,10
DELHI,2022-04-30,M,135,82139.15039780526,10
DELHI,2022-05-01,M,135,83494.98183813447,10
DELHI,2022-05-02,M,135,79043.4822496571,10
DELHI,2022-05-03,M,132,75967.88820018363,10
DELHI,2022-05-04,M,135,71084.20356652956,10
DELHI,2022-05-05,M,136,64899.83282871981,10
DELHI,2022-05-06,M,131,72890.87500728393,10
DELHI,2022-05-07,M,125,71059.41478400002,10
DELHI,2022-05-08,M,134,71389.76726442412,10
DELHI,2022-05-09,M,144,75643.55536265433,10
DELHI,2022-05-10,M,146,79973.75328391825,10
DELHI,2022-05-11,M,138,74245.05823356431,10
DELHI,2022-05-12,M,126,76523.20231796423,10
DELHI,2022-05-13,L,117,61380.41522390238,10
DELHI,2022-05-14,L,111,67806.4061358656,10
DELHI,2022-05-15,L,108,77292.02469135803,10
DELHI,2022-05-16,L,116,79099.0026753865,10
DELHI,2022-05-17,L,105,79364.06312925176,10
DELHI,2022-05-18,L,104,79012.58570636105,10
DELHI,2022-05-19,L,101,83755.00833251642,10
DELHI,2022-05-20,L,102,80144.36418685119,10
DELHI,2022-05-21,M,99,55122.38832772162,10
DELHI,2022-05-22,M,100,55374.71240000002,10
DELHI,2022-05-23,M,109,66657.03375136777,10
DELHI,2022-05-24,M,110,71780.19909090904,10
DELHI,2022-05-25,M,117,62811.39528088248,10
DELHI,2022-05-26,M,121,67881.57666826033,10
DELHI,2022-05-27,M,113,70451.89349205105,10
DELHI,2022-05-28,M,109,72540.7172796902,10
DELHI,2022-05-29,M,111,78795.73865757644,10
DELHI,2022-05-30,M,108,82229.10562414257,10
DELHI,2022-05-31,M,100,91118.2696,10
DELHI,2022-06-01,M,104,87591.16115014785,10
DELHI,2022-06-02,M,103,78522.24055047613,10
DELHI,2022-06-03,M,109,81960.60651460313,10
DELHI,2022-06-04,M,108,89587.5339506173,10
DELHI,2022-06-05,M,107,80229.81832474458,10
DELHI,2022-06-06,M,110,72458.23471074388,10
DELHI,2022-06-07,L,112,95993.54711415811,10
DELHI,2022-06-08,L,115,94063.71901701327,10
DELHI,2022-06-09,L,112,105701.97313456639,10
DELHI,2022-06-10,L,112,109427.83027742343,10
DELHI,2022-06-11,M,113,82880.3182708121,10
DELHI,2022-06-12,L,108,114711.69135802466,10
DELHI,2022-06-13,L,111,110119.90958526096,10
DELHI,2022-06-14,L,111,117032.45921597269,10
DELHI,2022-06-15,L,112,103707.5828284439,10
DELHI,2022-06-16,XL,102,78227.25567089574,10
DELHI,2022-06-17,XL,107,76171.64398637431,10
DELHI,2022-06-18,XL,112,74256.4451530613,10
DELHI,2022-06-19,XL,112,71053.62723214284,10
DELHI,2022-06-20,XL,107,75386.76093982003,10
DELHI,2022-06-21,XL,119,79011.89901843091,10
DELHI,2022-06-22,XL,123,81851.93707449269,10
DELHI,2022-06-23,XL,124,82589.81809313217,10
DELHI,2022-06-24,XL,117,87312.92234640953,10
DELHI,2022-06-25,XL,110,97004.01289256202,10
DELHI,2022-06-26,XL,99,98255.4608713396,10
DELHI,2022-06-27,XL,89,105248.7774270926,10
DELHI,2022-06-28,XL,86,108873.2947539211,10
DELHI,2022-06-29,XL,82,109624.1927424153,10
DELHI,2022-06-30,XXL,75,93113.03893333336,10
DELHI,2022-07-01,XXL,62,83162.88241415186,10
DELHI,2022-07-02,XXL,57,74829.0784856879,10
DELHI,2022-07-03,L,49,49954.78550603922,10
DELHI,2022-07-04,L,44,35684.99380165286,10
DELHI,2022-07-05,L,37,28742.628195763275,10
DELHI,2022-07-06,M,31,49446.67221644131,10
DELHI,2022-07-07,M,20,69747.62749999994,10
DELHI,2022-07-08,XS,10,29013.890000000072,10
DELHI,2022-07-09,M,3,23304.22222222213,10
Delhi,2022-04-02,M,2,11236.0,10
Delhi,2022-04-03,M,2,11236.0,10
Delhi,2022-04-04,M,2,11236.0,10
Delhi,2022-04-05,M,3,18740.666666666686,10
Delhi,2022-04-06,M,3,18740.666666666686,10
Delhi,2022-04-07,M,3,18740.666666666686,10
Delhi,2022-04-08,M,3,18740.666666666686,10
Delhi,2022-04-09,M,3,18740.666666666686,10
Delhi,2022-04-10,M,3,18740.666666666686,10
Delhi,2022-04-11,M,3,18740.666666666686,10
Delhi,2022-04-12,S,3,7998.0,10
Delhi,2022-04-13,S,3,7998.0,10
Delhi,2022-04-14,S,4,6412.6875,10
Delhi,2022-04-15,S,5,9932.640000000014,10
Delhi,2022-04-16,S,6,13482.888888888934,10
Delhi,2022-04-17,S,5,14805.360000000044,10
Delhi,2022-04-18,S,5,14805.360000000044,10
Delhi,2022-04-19,M,5,89633.35999999993,10
Delhi,2022-04-20,M,5,89633.35999999993,10
Delhi,2022-04-21,XL,5,19653.20000000001,10
Delhi,2022-04-22,XL,5,19653.20000000001,10
Delhi,2022-04-23,XL,5,19653.20000000001,10
Delhi,2022-04-24,XL,6,17311.555555555562,10
Delhi,2022-04-25,XL,6,17311.555555555562,10
Delhi,2022-04-26,XL,6,17311.555555555562,10
Delhi,2022-04-27,L,6,32946.583333333314,10
Delhi,2022-04-28,3XL,5,2995.039999999979,10
Delhi,2022-04-29,XXL,6,55561.66666666666,10
Delhi,2022-04-30,XXL,7,62453.3469387755,10
Delhi,2022-05-01,XXL,6,26230.555555555504,10
Delhi,2022-05-02,XXL,6,26230.555555555504,10
Delhi,2022-05-03,XXL,5,20210.0,10
Delhi,2022-05-04,3XL,5,13196.240000000049,10
Delhi,2022-05-05,S,3,15361.555555555504,10
Delhi,2022-05-06,3XL,4,14161.25,10
Delhi,2022-05-07,3XL,3,14302.888888888876,10
Delhi,2022-05-08,3XL,3,14302.888888888876,10
Delhi,2022-05-09,S,3,3876.22222222219,10
Delhi,2022-05-10,S,3,3876.22222222219,10
Delhi,2022-05-11,S,4,4157.6875,10
Delhi,2022-05-12,S,4,4892.6875,10
Delhi,2022-05-13,S,4,4892.6875,10
Delhi,2022-05-14,M,4,29498.75,10
Delhi,2022-05-15,S,4,37380.1875,10
Delhi,2022-05-16,M,4,15660.6875,10
Delhi,2022-05-17,M,4,15660.6875,10
Delhi,2022-05-18,M,4,15660.6875,10
Delhi,2022-05-19,L,4,30714.75,10
Delhi,2022-05-20,L,4,29859.1875,10
Delhi,2022-05-21,L,4,29859.1875,10
Delhi,2022-05-22,L,4,29859.1875,10
Delhi,2022-05-23,XL,5,79502.80000000005,10
Delhi,2022-05-24,L,4,29859.1875,10
Delhi,2022-05-25,L,3,23128.22222222213,10
Delhi,2022-05-26,L,3,23128.22222222213,10
Delhi,2022-05-27,L,3,23128.22222222213,10
Delhi,2022-05-28,M,4,17110.1875,10
Delhi,2022-05-29,M,4,17110.1875,10
Delhi,2022-05-30,M,5,23311.76000000001,10
Delhi,2022-05-31,M,4,19327.25,10
Delhi,2022-06-01,M,4,19327.25,10
Delhi,2022-06-02,M,4,19327.25,10
Delhi,2022-06-03,XXL,5,18134.79999999999,10
Delhi,2022-06-04,XXL,5,18134.79999999999,10
Delhi,2022-06-05,XXL,5,18134.79999999999,10
Delhi,2022-06-06,XXL,6,15143.583333333314,10
Delhi,2022-06-07,XXL,7,12980.979591836804,10
Delhi,2022-06-08,XXL,6,12384.333333333314,10
Delhi,2022-06-09,XXL,4,84829.5,10
Delhi,2022-06-10,XXL,5,86468.56000000006,10
Delhi,2022-06-11,3XL,6,82430.47222222219,10
Delhi,2022-06-12,3XL,7,74145.06122448982,10
Delhi,2022-06-13,3XL,8,65625.234375,10
Delhi,2022-06-14,3XL,8,65625.234375,10
Delhi,2022-06-15,3XL,9,59308.88888888882,10
Delhi,2022-06-16,3XL,11,99545.10743801662,10
Delhi,2022-06-17,3XL,11,99493.60330578516,10
Delhi,2022-06-18,3XL,9,87017.99999999988,10
Delhi,2022-06-19,3XL,9,73679.2098765432,10
Delhi,2022-06-20,3XL,8,82009.0,10
Delhi,2022-06-21,3XL,7,93488.81632653065,10
Delhi,2022-06-22,3XL,6,100460.25,10
Delhi,2022-06-23,3XL,5,112470.95999999996,10
Delhi,2022-06-24,3XL,5,112470.95999999996,10
Delhi,2022-06-25,XL,5,40241.44,10
Delhi,2022-06-26,XL,3,62538.0,10
Delhi,2022-06-27,XL,3,62538.0,10
Delhi,2022-06-28,XL,3,62538.0,10
Delhi,2022-06-29,3XL,2,342.25,10
Delhi,2022-06-30,3XL,2,342.25,10
Delhi,2022-07-01,3XL,2,342.25,10
Delhi,2022-07-02,3XL,2,342.25,10
Delhi,2022-07-03,3XL,2,342.25,10
Delhi,2022-07-04,3XL,2,342.25,10
Delhi,2022-07-05,3XL,2,342.25,10
Delhi,2022-07-06,3XL,2,342.25,10
Delhi,2022-07-07,3XL,2,342.25,10
Delhi,2022-07-08,3XL,2,342.25,10
GOA,2022-04-01,XXL,1,0.0,10
GOA,2022-04-02,S,2,30.25,10
GOA,2022-04-03,S,6,3763.888888888905,10
GOA,2022-04-04,S,10,9189.799999999988,10
GOA,2022-04-05,S,12,9598.055555555591,10
GOA,2022-04-06,L,17,50982.79584775085,10
GOA,2022-04-07,L,19,47442.55955678667,10
GOA,2022-04-08,L,19,47442.55955678667,10
GOA,2022-04-09,L,25,38439.62559999997,10
GOA,2022-04-10,L,26,36965.556213017786,10
GOA,2022-04-11,L,28,46847.26530612243,10
GOA,2022-04-12,L,28,47689.77551020414,10
GOA,2022-04-13,L,29,40367.88585017831,10
GOA,2022-04-14,M,26,32497.840236686345,10
GOA,2022-04-15,M,27,30096.521262002818,10
GOA,2022-04-16,M,29,39363.76694411418,10
GOA,2022-04-17,M,30,53843.03999999998,10
GOA,2022-04-18,M,28,62421.38775510201,10
GOA,2022-04-19,M,28,63592.28061224497,10
GOA,2022-04-20,M,29,65638.51129607612,10
GOA,2022-04-21,M,26,65250.42159763316,10
GOA,2022-04-22,M,28,61518.77551020397,10
GOA,2022-04-23,M,28,62736.748724489706,10
GOA,2022-04-24,M,26,66027.71597633132,10
GOA,2022-04-25,M,24,75343.95659722225,10
GOA,2022-04-26,M,24,68861.4149305555,10
GOA,2022-04-27,XXL,21,34941.990929705265,10
GOA,2022-04-28,S,23,104552.82419659733,10
GOA,2022-04-29,M,26,67173.34467455623,10
GOA,2022-04-30,XS,23,115935.1833648393,10
GOA,2022-05-01,M,20,62982.627499999944,10
GOA,2022-05-02,3XL,20,56925.89000000007,10
GOA,2022-05-03,M,20,58896.94750000007,10
GOA,2022-05-04,M,25,56867.9424,10
GOA,2022-05-05,M,26,46780.9186390533,10
GOA,2022-05-06,M,25,46962.79999999999,10
GOA,2022-05-07,M,22,54797.43181818182,10
GOA,2022-05-08,M,21,40421.82312925166,10
GOA,2022-05-09,L,18,50691.68209876539,10
GOA,2022-05-10,XL,20,56036.859999999986,10
GOA,2022-05-11,L,20,48718.527500000026,10
GOA,2022-05-12,L,21,43033.71428571426,10
GOA,2022-05-13,XS,18,86547.32098765433,10
GOA,2022-05-14,L,15,43003.04888888888,10
GOA,2022-05-15,L,15,40456.13333333336,10
GOA,2022-05-16,S,15,37950.72888888884,10
GOA,2022-05-17,XXL,16,41631.71484375,10
GOA,2022-05-18,XXL,16,38809.0,10
GOA,2022-05-19,XL,17,57289.557093425625,10
GOA,2022-05-20,L,18,56520.888888888876,10
GOA,2022-05-21,L,17,59606.22837370244,10
GOA,2022-05-22,M,17,54339.875432525936,10
GOA,2022-05-23,M,18,54831.08950617284,10
GOA,2022-05-24,M,19,54308.69252077563,10
GOA,2022-05-25,M,18,42729.283950617275,10
GOA,2022-05-26,XL,18,55211.617283950676,10
GOA,2022-05-27,M,17,43910.01384083045,10
GOA,2022-05-28,XL,17,38970.17993079586,10
GOA,2022-05-29,M,14,40429.10204081633,10
GOA,2022-05-30,M,17,39126.73356401382,10
GOA,2022-05-31,M,16,25425.734375,10
GOA,2022-06-01,M,16,21805.4375,10
GOA,2022-06-02,M,17,20636.678200691997,10
GOA,2022-06-03,M,18,18576.555555555504,10
GOA,2022-06-04,S,19,35691.94459833793,10
GOA,2022-06-05,S,17,19561.58477508655,10
GOA,2022-06-06,M,19,23589.008310249308,10
GOA,2022-06-07,M,22,35158.69421487604,10
GOA,2022-06-08,M,24,35725.25,10
GOA,2022-06-09,M,22,72194.90909090912,10
GOA,2022-06-10,XXL,22,59851.2314049587,10
GOA,2022-06-11,XXL,23,58291.98865784501,10
GOA,2022-06-12,XXL,23,58269.909262759844,10
GOA,2022-06-13,XXL,25,57033.71840000007,10
GOA,2022-06-14,XXL,22,21429.67975206615,10
GOA,2022-06-15,XXL,24,21449.95659722222,10
GOA,2022-06-16,XXL,19,24254.903047091386,10
GOA,2022-06-17,XXL,20,23583.847500000033,10
GOA,2022-06-18,M,20,65914.89000000001,10
GOA,2022-06-19,M,20,31404.047499999928,10
GOA,2022-06-20,M,23,33090.12476370507,10
GOA,2022-06-21,M,25,31022.159999999916,10
GOA,2022-06-22,M,23,32086.604914933792,10
GOA,2022-06-23,M,24,57163.289930555504,10
GOA,2022-06-24,M,20,62880.19,10
GOA,2022-06-25,M,23,67416.42722117202,10
GOA,2022-06-26,M,24,67422.70659722225,10
GOA,2022-06-27,M,24,75439.38888888893,10
GOA,2022-06-28,M,23,79065.03213610582,10
GOA,2022-06-29,M,22,78862.24173553713,10
GOA,2022-06-30,M,19,82249.93351800554,10
GOA,2022-07-01,M,17,90059.04498269898,10
GOA,2022-07-02,M,17,90059.04498269898,10
GOA,2022-07-03,M,15,66346.90666666668,10
GOA,2022-07-04,M,13,73247.3017751479,10
GOA,2022-07-05,M,9,67949.55555555556,10
GOA,2022-07-06,M,7,67360.77551020402,10
GOA,2022-07-07,XS,6,123018.91666666663,10
GOA,2022-07-08,M,2,3906.25,10
GOA,2022-07-09,M,1,0.0,10
Goa,2022-04-08,XS,1,0.0,10
Goa,2022-04-09,XS,2,7656.25,10
Goa,2022-04-10,XS,2,7656.25,10
Goa,2022-04-11,XS,2,7656.25,10
Goa,2022-04-12,XS,2,7656.25,10
Goa,2022-04-13,XS,2,7656.25,10
Goa,2022-04-14,XS,2,7656.25,10
Goa,2022-04-15,XS,2,7656.25,10
Goa,2022-04-16,XS,2,7656.25,10
Goa,2022-04-17,XS,2,7656.25,10
Goa,2022-04-18,3XL,1,0.0,10
Goa,2022-04-19,3XL,1,0.0,10
Goa,2022-04-20,3XL,1,0.0,10
Goa,2022-04-21,3XL,1,0.0,10
Goa,2022-04-22,3XL,1,0.0,10
Goa,2022-04-23,3XL,1,0.0,10
Goa,2022-04-24,3XL,2,400.0,10
Goa,2022-04-25,3XL,2,400.0,10
Goa,2022-04-26,3XL,2,400.0,10
Goa,2022-04-27,XL,2,529.0,10
Goa,2022-04-28,XL,2,529.0,10
Goa,2022-04-29,XL,3,1958.2222222223063,10
Goa,2022-04-30,XL,3,1958.2222222223063,10
Goa,2022-05-01,XL,3,1958.2222222223063,10
Goa,2022-05-02,3XL,2,1600.0,10
Goa,2022-05-03,3XL,2,1600.0,10
Goa,2022-05-04,3XL,1,0.0,10
Goa,2022-05-05,3XL,1,0.0,10
Goa,2022-05-06,3XL,1,0.0,10
Goa,2022-05-07,3XL,1,0.0,10
Goa,2022-05-08,3XL,1,0.0,10
Goa,2022-05-09,3XL,1,0.0,10
Goa,2022-05-10,L,1,0.0,10
Goa,2022-05-11,M,1,0.0,10
Goa,2022-05-12,M,1,0.0,10
Goa,2022-05-13,M,1,0.0,10
Goa,2022-05-14,M,1,0.0,10
Goa,2022-05-15,M,1,0.0,10
Goa,2022-05-16,M,1,0.0,10
Goa,2022-05-17,M,1,0.0,10
Goa,2022-05-18,M,1,0.0,10
Goa,2022-05-19,M,1,0.0,10
Goa,2022-05-23,XS,1,0.0,10
Goa,2022-05-24,XS,1,0.0,10
Goa,2022-05-25,XS,1,0.0,10
Goa,2022-05-26,XS,1,0.0,10
Goa,2022-05-27,XS,1,0.0,10
Goa,2022-05-28,XS,1,0.0,10
Goa,2022-05-29,XS,1,0.0,10
Goa,2022-05-30,XS,1,0.0,10
Goa,2022-05-31,XS,1,0.0,10
Goa,2022-06-01,M,1,0.0,10
Goa,2022-06-02,M,1,0.0,10
Goa,2022-06-03,M,1,0.0,10
Goa,2022-06-04,XXL,2,9702.25,10
Goa,2022-06-05,XXL,2,9702.25,10
Goa,2022-06-06,XXL,2,9702.25,10
Goa,2022-06-07,XXL,2,9702.25,10
Goa,2022-06-08,M,2,240.25,10
Goa,2022-06-09,M,2,240.25,10
Goa,2022-06-10,M,2,240.25,10
Goa,2022-06-11,XXL,2,20306.25,10
Goa,2022-06-12,XXL,2,20306.25,10
Goa,2022-06-13,XXL,2,20306.25,10
Goa,2022-06-14,M,1,0.0,10
Goa,2022-06-15,M,1,0.0,10
Goa,2022-06-16,M,2,9312.25,10
Goa,2022-06-17,M,2,9312.25,10
Goa,2022-06-18,M,1,0.0,10
Goa,2022-06-19,M,1,0.0,10
Goa,2022-06-20,M,1,0.0,10
Goa,2022-06-21,M,1,0.0,10
Goa,2022-06-22,M,1,0.0,10
Goa,2022-06-23,M,1,0.0,10
Goa,2022-06-24,M,1,0.0,10
Goa,2022-06-25,M,1,0.0,10
Goa,2022-06-26,L,1,0.0,10
Goa,2022-06-27,L,1,0.0,10
Goa,2022-06-28,L,1,0.0,10
Goa,2022-06-29,L,1,0.0,10
Goa,2022-06-30,L,1,0.0,10
Goa,2022-07-01,L,1,0.0,10
Goa,2022-07-02,L,1,0.0,10
Goa,2022-07-03,L,1,0.0,10
Goa,2022-07-04,L,1,0.0,10
Goa,2022-07-05,L,1,0.0,10
Gujarat,2022-04-01,XXL,4,2784.25,10
Gujarat,2022-04-02,XL,17,92729.2318339101,10
Gujarat,2022-04-03,XL,31,94821.58376690943,10
Gujarat,2022-04-04,XL,43,112030.01406165492,10
Gujarat,2022-04-05,XL,52,99328.00591715984,10
Gujarat,2022-04-06,XL,58,100657.34274673014,10
Gujarat,2022-04-07,XL,62,96241.66103017685,10
Gujarat,2022-04-08,XL,65,93253.18248520716,10
Gujarat,2022-04-09,XL,73,90005.23362732213,10
Gujarat,2022-04-10,XL,83,93570.14872099942,10
Gujarat,2022-04-11,XL,91,94704.97728395066,10
Gujarat,2022-04-12,L,89,72088.57517990156,10
Gujarat,2022-04-13,L,96,69676.10243055562,10
Gujarat,2022-04-14,L,89,63239.067289483675,10
Gujarat,2022-04-15,L,91,55787.35901461169,10
Gujarat,2022-04-16,L,92,53995.812381852535,10
Gujarat,2022-04-17,L,91,51072.08597995411,10
Gujarat,2022-04-18,L,89,47680.921600807924,10
Gujarat,2022-04-19,L,91,47870.65571790852,10
Gujarat,2022-04-20,M,95,66421.42474007566,10
Gujarat,2022-04-21,M,92,66023.77654336579,10
Gujarat,2022-04-22,M,99,74780.125,10
Gujarat,2022-04-23,M,102,71881.49580189178,10
Gujarat,2022-04-24,M,102,74691.58996705274,10
Gujarat,2022-04-25,M,102,72205.64098292374,10
Gujarat,2022-04-26,M,102,70986.17836318206,10
Gujarat,2022-04-27,M,102,73295.64775093709,10
Gujarat,2022-04-28,XL,96,63194.55693756783,10
Gujarat,2022-04-29,XL,106,68067.41414141416,10
Gujarat,2022-04-30,XL,105,62374.62131163612,10
Gujarat,2022-05-01,XL,104,64082.727272727294,10
Gujarat,2022-05-02,XL,115,65478.97884297522,10
Gujarat,2022-05-03,XL,113,66404.86785123969,10
Gujarat,2022-05-04,XL,109,64424.45745817007,10
Gujarat,2022-05-05,XL,109,69756.12958348164,10
Gujarat,2022-05-06,XL,106,78232.35743236874,10
Gujarat,2022-05-07,XL,97,81773.01584427338,10
Gujarat,2022-05-08,XL,102,87312.18018569535,10
Gujarat,2022-05-09,XL,99,83650.06825484766,10
Gujarat,2022-05-10,XL,96,80819.65028355381,10
Gujarat,2022-05-11,3XL,88,57697.59991887503,10
Gujarat,2022-05-12,3XL,87,60594.633079584746,10
Gujarat,2022-05-13,3XL,89,50827.209935262275,10
Gujarat,2022-05-14,3XL,86,51086.304280045384,10
Gujarat,2022-05-15,3XL,82,54166.14937500004,10
Gujarat,2022-05-16,3XL,80,56192.592105263146,10
Gujarat,2022-05-17,3XL,89,52885.99778546719,10
Gujarat,2022-05-18,3XL,84,61575.65859374998,10
Gujarat,2022-05-19,3XL,76,60045.797114682326,10
Gujarat,2022-05-20,3XL,77,63684.11128888896,10
Gujarat,2022-05-21,3XL,77,62472.13048888894,10
Gujarat,2022-05-22,3XL,74,57774.64737654326,10
Gujarat,2022-05-23,3XL,72,63020.437723167415,10
Gujarat,2022-05-24,3XL,71,73251.90895328717,10
Gujarat,2022-05-25,3XL,69,85157.49150596885,10
Gujarat,2022-05-26,L,67,60236.51360946754,10
Gujarat,2022-05-27,L,64,58568.64854318416,10
Gujarat,2022-05-28,L,66,85788.93359375,10
Gujarat,2022-05-29,3XL,61,100188.58305555559,10
Gujarat,2022-05-30,XL,60,79962.60427295923,10
Gujarat,2022-05-31,XL,59,74619.93057851237,10
Gujarat,2022-06-01,XL,66,60599.77757544228,10
Gujarat,2022-06-02,XL,68,56905.68158861337,10
Gujarat,2022-06-03,XL,69,56974.83225662727,10
Gujarat,2022-06-04,XL,69,64607.591445756145,10
Gujarat,2022-06-05,XL,66,63448.917724609375,10
Gujarat,2022-06-06,L,71,97935.46632653062,10
Gujarat,2022-06-07,L,71,78839.51836734702,10
Gujarat,2022-06-08,L,71,83243.56754612178,10
Gujarat,2022-06-09,L,76,79844.66616626014,10
Gujarat,2022-06-10,L,75,70153.73996913579,10
Gujarat,2022-06-11,L,75,76758.0802469136,10
Gujarat,2022-06-12,L,75,77668.88715277775,10
Gujarat,2022-06-13,XXL,71,71918.71885813156,10
Gujarat,2022-06-14,XXL,74,72064.84348343592,10
Gujarat,2022-06-15,XXL,80,71106.06262327416,10
Gujarat,2022-06-16,XXL,83,72232.97881420521,10
Gujarat,2022-06-17,XXL,84,71499.84770969657,10
Gujarat,2022-06-18,XXL,79,61799.637375611404,10
Gujarat,2022-06-19,XXL,73,61422.08106586605,10
Gujarat,2022-06-20,M,70,85824.3020408164,10
Gujarat,2022-06-21,XXL,65,67074.28544378694,10
Gujarat,2022-06-22,M,66,85788.21877869603,10
Gujarat,2022-06-23,XXL,65,59479.477869822585,10
Gujarat,2022-06-24,XXL,64,57550.843505859375,10
Gujarat,2022-06-25,XXL,66,67898.25252525246,10
Gujarat,2022-06-26,XL,62,91224.50390218513,10
Gujarat,2022-06-27,XL,65,78923.44994082843,10
Gujarat,2022-06-28,XXL,69,71500.31884057971,10
Gujarat,2022-06-29,XXL,67,69107.05947872583,10
Gujarat,2022-06-30,XXL,64,69281.86889648438,10
Gujarat,2022-07-01,XXL,61,71204.00591238914,10
Gujarat,2022-07-02,XXL,53,72019.4738341046,10
Gujarat,2022-07-03,XXL,44,70694.98088842985,10
Gujarat,2022-07-04,XL,37,42984.273192110995,10
Gujarat,2022-07-05,XL,27,45310.595336076745,10
Gujarat,2022-07-06,XXL,21,46650.058956916095,10
Gujarat,2022-07-07,XXL,16,54910.359375,10
Gujarat,2022-07-08,XL,8,46032.25,10
Gujarat,2022-07-09,S,2,80940.25,10
HARYANA,2022-04-01,XL,4,22653.5,10
HARYANA,2022-04-02,XL,11,36999.28925619833,10
HARYANA,2022-04-03,S,17,61462.290657439386,10
HARYANA,2022-04-04,L,28,87192.88775510207,10
HARYANA,2022-04-05,L,34,85688.22231833905,10
HARYANA,2022-04-06,L,45,82753.52395061724,10
HARYANA,2022-04-07,L,48,101564.4578993055,10
HARYANA,2022-04-08,L,53,93808.54681381275,10
HARYANA,2022-04-09,L,63,93275.37011841766,10
HARYANA,2022-04-10,L,75,85339.6888888888,10
HARYANA,2022-04-11,L,86,86057.89940508385,10
HARYANA,2022-04-12,L,85,89518.23169550172,10
HARYANA,2022-04-13,L,82,94990.37492563948,10
HARYANA,2022-04-14,M,89,75570.9418002778,10
HARYANA,2022-04-15,M,84,72872.7397959184,10
HARYANA,2022-04-16,M,84,78382.04931972793,10
HARYANA,2022-04-17,M,92,77965.07502362941,10
HARYANA,2022-04-18,M,98,81848.24156601413,10
HARYANA,2022-04-19,M,95,81874.27479224384,10
HARYANA,2022-04-20,M,93,76038.0908775581,10
HARYANA,2022-04-21,M,89,98811.45436182298,10
HARYANA,2022-04-22,M,95,98158.56797783938,10
HARYANA,2022-04-23,M,92,97756.89922022674,10
HARYANA,2022-04-24,XL,98,87635.03415243654,10
HARYANA,2022-04-25,XL,101,92796.10449955886,10
HARYANA,2022-04-26,XL,100,93381.7099999999,10
HARYANA,2022-04-27,XL,94,90552.89418288821,10
HARYANA,2022-04-28,XL,87,78822.82309420005,10
HARYANA,2022-04-29,XL,92,90726.76559546316,10
HARYANA,2022-04-30,XL,94,88515.75056586694,10
HARYANA,2022-05-01,XL,93,85364.42201410566,10
HARYANA,2022-05-02,L,93,72494.68007862184,10
HARYANA,2022-05-03,XL,91,72470.001690617,10
HARYANA,2022-05-04,L,93,76254.62504335766,10
HARYANA,2022-05-05,XL,93,65299.49242687016,10
HARYANA,2022-05-06,XL,92,66068.70829395083,10
HARYANA,2022-05-07,XL,91,65731.80364690261,10
HARYANA,2022-05-08,XL,90,67670.590617284,10
HARYANA,2022-05-09,L,89,86952.55927281914,10
HARYANA,2022-05-10,M,81,190510.96326779458,10
HARYANA,2022-05-11,M,82,198082.25342058297,10
HARYANA,2022-05-12,M,82,191424.22010707908,10
HARYANA,2022-05-13,M,82,196187.11600237957,10
HARYANA,2022-05-14,M,71,205486.40983931755,10
HARYANA,2022-05-15,M,73,206446.10358416208,10
HARYANA,2022-05-16,M,70,209823.51530612237,10
HARYANA,2022-05-17,M,72,207887.08314043214,10
HARYANA,2022-05-18,XL,71,78367.97857567947,10
HARYANA,2022-05-19,XL,69,80242.90653224115,10
HARYANA,2022-05-20,XL,66,77402.55280073459,10
HARYANA,2022-05-21,XL,66,78150.36019283748,10
HARYANA,2022-05-22,L,65,69381.63408284023,10
HARYANA,2022-05-23,L,68,56965.91955017304,10
HARYANA,2022-05-24,L,71,60743.02638365404,10
HARYANA,2022-05-25,L,74,63676.947589481424,10
HARYANA,2022-05-26,L,69,65039.55555555556,10
HARYANA,2022-05-27,M,70,94109.690612245,10
HARYANA,2022-05-28,M,75,95288.6158222222,10
HARYANA,2022-05-29,M,78,106810.05128205125,10
HARYANA,2022-05-30,M,80,108041.74234374997,10
HARYANA,2022-05-31,M,85,107572.48359861592,10
HARYANA,2022-06-01,M,84,93206.6035997732,10
HARYANA,2022-06-02,M,90,79933.07024691364,10
HARYANA,2022-06-03,M,89,84352.79510162846,10
HARYANA,2022-06-04,M,91,88670.81777563097,10
HARYANA,2022-06-05,M,89,89245.20111097075,10
HARYANA,2022-06-06,M,84,103538.45181405905,10
HARYANA,2022-06-07,L,83,108540.22412541736,10
HARYANA,2022-06-08,M,84,93099.50836167793,10
HARYANA,2022-06-09,L,83,116812.03367687622,10
HARYANA,2022-06-10,L,85,111923.39515570924,10
HARYANA,2022-06-11,L,83,99034.65873131074,10
HARYANA,2022-06-12,L,80,93898.80484375003,10
HARYANA,2022-06-13,L,85,101904.56830449833,10
HARYANA,2022-06-14,L,89,91854.71910112363,10
HARYANA,2022-06-15,L,91,93113.63724187901,10
HARYANA,2022-06-16,L,83,92758.15299753228,10
HARYANA,2022-06-17,L,88,92759.23747417366,10
HARYANA,2022-06-18,L,89,105457.15591465728,10
HARYANA,2022-06-19,L,86,111559.39386154665,10
HARYANA,2022-06-20,L,78,118317.44510190678,10
HARYANA,2022-06-21,XXL,72,89911.80246913579,10
HARYANA,2022-06-22,L,72,118660.38406635798,10
HARYANA,2022-06-23,L,67,115150.66830028954,10
HARYANA,2022-06-24,XXL,69,84758.8813274522,10
HARYANA,2022-06-25,M,65,92941.40686390543,10
HARYANA,2022-06-26,XXL,62,76527.41441207082,10
HARYANA,2022-06-27,L,60,106722.50305555557,10
HARYANA,2022-06-28,L,59,93455.60586038494,10
HARYANA,2022-06-29,M,57,100707.9686057248,10
HARYANA,2022-06-30,XL,56,107251.03443877556,10
HARYANA,2022-07-01,L,51,73711.11264898122,10
HARYANA,2022-07-02,XL,46,109469.63752362941,10
HARYANA,2022-07-03,XL,42,103553.88038548746,10
HARYANA,2022-07-04,XL,34,107896.83737024223,10
HARYANA,2022-07-05,L,31,79532.51612903224,10
HARYANA,2022-07-06,L,23,82141.27032136108,10
HARYANA,2022-07-07,M,14,131739.65816326533,10
HARYANA,2022-07-08,M,7,78738.24489795914,10
HARYANA,2022-07-09,S,4,72486.6875,10
HIMACHAL PRADESH,2022-04-02,L,7,58352.81632653065,10
HIMACHAL PRADESH,2022-04-03,L,10,49147.25,10
HIMACHAL PRADESH,2022-04-04,L,11,49990.247933884384,10
HIMACHAL PRADESH,2022-04-05,L,16,51201.37109375,10
HIMACHAL PRADESH,2022-04-06,L,19,47141.290858725726,10
HIMACHAL PRADESH,2022-04-07,L,19,47141.290858725726,10
HIMACHAL PRADESH,2022-04-08,L,19,47141.290858725726,10
HIMACHAL PRADESH,2022-04-09,L,20,46700.26000000007,10
HIMACHAL PRADESH,2022-04-10,L,21,44487.759637188225,10
HIMACHAL PRADESH,2022-04-11,L,23,66999.97731569002,10
HIMACHAL PRADESH,2022-04-12,L,18,63578.69444444444,10
HIMACHAL PRADESH,2022-04-13,S,16,166868.484375,10
HIMACHAL PRADESH,2022-04-14,L,14,51694.39285714284,10
HIMACHAL PRADESH,2022-04-15,XL,15,126689.62666666665,10
HIMACHAL PRADESH,2022-04-16,L,14,80405.35204081639,10
HIMACHAL PRADESH,2022-04-17,XL,19,149437.19667590025,10
HIMACHAL PRADESH,2022-04-18,XL,22,133100.04338842968,10
HIMACHAL PRADESH,2022-04-19,S,23,124881.2098298677,10
HIMACHAL PRADESH,2022-04-20,L,23,96174.26086956525,10
HIMACHAL PRADESH,2022-04-21,L,24,68590.83333333331,10
HIMACHAL PRADESH,2022-04-22,L,23,68901.85255198495,10
HIMACHAL PRADESH,2022-04-23,L,24,75235.94270833331,10
HIMACHAL PRADESH,2022-04-24,L,28,95703.28954081639,10
HIMACHAL PRADESH,2022-04-25,L,24,106207.74826388899,10
HIMACHAL PRADESH,2022-04-26,S,23,89082.75992438558,10
HIMACHAL PRADESH,2022-04-27,L,23,158517.7088846881,10
HIMACHAL PRADESH,2022-04-28,L,22,136684.62809917354,10
HIMACHAL PRADESH,2022-04-29,L,20,149809.9275000001,10
HIMACHAL PRADESH,2022-04-30,M,21,88597.28344671201,10
HIMACHAL PRADESH,2022-05-01,M,25,78811.68000000005,10
HIMACHAL PRADESH,2022-05-02,M,23,76339.4480151229,10
HIMACHAL PRADESH,2022-05-03,M,24,64543.97222222225,10
HIMACHAL PRADESH,2022-05-04,M,25,65475.79839999991,10
HIMACHAL PRADESH,2022-05-05,M,24,67475.5555555555,10
HIMACHAL PRADESH,2022-05-06,M,23,72000.05671077507,10
HIMACHAL PRADESH,2022-05-07,M,23,79499.08506616263,10
HIMACHAL PRADESH,2022-05-08,M,21,85441.74149659858,10
HIMACHAL PRADESH,2022-05-09,M,25,91176.64000000001,10
HIMACHAL PRADESH,2022-05-10,M,23,72759.90926275984,10
HIMACHAL PRADESH,2022-05-11,M,19,78155.56232686993,10
HIMACHAL PRADESH,2022-05-12,M,18,77743.1358024691,10
HIMACHAL PRADESH,2022-05-13,M,17,83940.93425605539,10
HIMACHAL PRADESH,2022-05-14,M,16,100882.609375,10
HIMACHAL PRADESH,2022-05-15,M,15,104623.31555555563,10
HIMACHAL PRADESH,2022-05-16,XL,16,80676.859375,10
HIMACHAL PRADESH,2022-05-17,XL,16,78830.234375,10
HIMACHAL PRADESH,2022-05-18,XL,15,84048.3733333333,10
HIMACHAL PRADESH,2022-05-19,XL,15,84048.3733333333,10
HIMACHAL PRADESH,2022-05-20,XL,15,87423.9288888888,10
HIMACHAL PRADESH,2022-05-21,XL,14,86432.49489795923,10
HIMACHAL PRADESH,2022-05-22,M,12,78183.66666666663,10
HIMACHAL PRADESH,2022-05-23,M,13,88597.5384615385,10
HIMACHAL PRADESH,2022-05-24,M,12,77290.90972222225,10
HIMACHAL PRADESH,2022-05-25,M,14,78289.91836734698,10
HIMACHAL PRADESH,2022-05-26,M,13,73197.9408284023,10
HIMACHAL PRADESH,2022-05-27,M,11,75256.01652892563,10
HIMACHAL PRADESH,2022-05-28,M,10,81347.25,10
HIMACHAL PRADESH,2022-05-29,L,11,84338.0,10
HIMACHAL PRADESH,2022-05-30,L,10,95229.81000000006,10
HIMACHAL PRADESH,2022-05-31,L,11,93652.99173553719,10
HIMACHAL PRADESH,2022-06-01,L,12,64596.72222222225,10
HIMACHAL PRADESH,2022-06-02,L,13,61620.59171597625,10
HIMACHAL PRADESH,2022-06-03,L,14,88719.78061224491,10
HIMACHAL PRADESH,2022-06-04,L,14,84112.63775510207,10
HIMACHAL PRADESH,2022-06-05,L,13,88302.05917159765,10
HIMACHAL PRADESH,2022-06-06,L,14,83481.0,10
HIMACHAL PRADESH,2022-06-07,S,13,97284.24852071004,10
HIMACHAL PRADESH,2022-06-08,S,16,116308.8125,10
HIMACHAL PRADESH,2022-06-09,S,15,119785.57333333336,10
HIMACHAL PRADESH,2022-06-10,S,17,113650.73356401396,10
HIMACHAL PRADESH,2022-06-11,S,17,104585.50173010386,10
HIMACHAL PRADESH,2022-06-12,S,15,79675.66222222219,10
HIMACHAL PRADESH,2022-06-13,S,17,112284.44290657435,10
HIMACHAL PRADESH,2022-06-14,S,17,116706.38062283746,10
HIMACHAL PRADESH,2022-06-15,S,14,135062.693877551,10
HIMACHAL PRADESH,2022-06-16,S,16,120851.25,10
HIMACHAL PRADESH,2022-06-17,S,15,108087.9288888888,10
HIMACHAL PRADESH,2022-06-18,M,13,47916.3786982249,10
HIMACHAL PRADESH,2022-06-19,M,13,47916.3786982249,10
HIMACHAL PRADESH,2022-06-20,L,11,54986.33057851251,10
HIMACHAL PRADESH,2022-06-21,L,11,54986.33057851251,10
HIMACHAL PRADESH,2022-06-22,L,11,73872.99173553719,10
HIMACHAL PRADESH,2022-06-23,XL,12,87720.74305555562,10
HIMACHAL PRADESH,2022-06-24,L,12,87052.6875,10
HIMACHAL PRADESH,2022-06-25,XL,14,100279.40816326521,10
HIMACHAL PRADESH,2022-06-26,L,15,83389.84888888884,10
HIMACHAL PRADESH,2022-06-27,L,15,83449.04888888879,10
HIMACHAL PRADESH,2022-06-28,L,15,82489.7955555555,10
HIMACHAL PRADESH,2022-06-29,S,16,79106.5625,10
HIMACHAL PRADESH,2022-06-30,S,14,78304.38775510213,10
HIMACHAL PRADESH,2022-07-01,S,14,78304.38775510213,10
HIMACHAL PRADESH,2022-07-02,S,13,81601.00591715978,10
HIMACHAL PRADESH,2022-07-03,S,11,91242.41322314052,10
HIMACHAL PRADESH,2022-07-04,S,9,90481.99999999994,10
HIMACHAL PRADESH,2022-07-05,S,7,87871.06122448982,10
HIMACHAL PRADESH,2022-07-06,M,5,11579.360000000102,10
HIMACHAL PRADESH,2022-07-07,S,5,99995.19999999995,10
HIMACHAL PRADESH,2022-07-08,S,4,19506.1875,10
JAMMU & KASHMIR,2022-04-02,3XL,1,0.0,10
JAMMU & KASHMIR,2022-04-03,M,2,20449.0,10
JAMMU & KASHMIR,2022-04-04,XL,3,28466.0,10
JAMMU & KASHMIR,2022-04-05,3XL,4,133778.25,10
JAMMU & KASHMIR,2022-04-06,M,5,67259.03999999998,10
JAMMU & KASHMIR,2022-04-07,3XL,7,109701.42857142852,10
JAMMU & KASHMIR,2022-04-08,M,7,49587.38775510207,10
JAMMU & KASHMIR,2022-04-09,3XL,10,106060.04000000004,10
JAMMU & KASHMIR,2022-04-10,3XL,11,108706.42975206621,10
JAMMU & KASHMIR,2022-04-11,3XL,12,100465.13888888893,10
JAMMU & KASHMIR,2022-04-12,3XL,13,85063.38461538462,10
JAMMU & KASHMIR,2022-04-13,3XL,14,88018.51530612237,10
JAMMU & KASHMIR,2022-04-14,3XL,14,72923.94387755106,10
JAMMU & KASHMIR,2022-04-15,3XL,14,70687.78061224491,10
JAMMU & KASHMIR,2022-04-16,3XL,15,103104.02666666661,10
JAMMU & KASHMIR,2022-04-17,3XL,15,97563.97333333327,10
JAMMU & KASHMIR,2022-04-18,3XL,16,91604.62109375,10
JAMMU & KASHMIR,2022-04-19,3XL,14,95107.53061224485,10
JAMMU & KASHMIR,2022-04-20,L,14,47939.31122448982,10
JAMMU & KASHMIR,2022-04-21,L,15,46051.09333333332,10
JAMMU & KASHMIR,2022-04-22,S,19,71276.97506925208,10
JAMMU & KASHMIR,2022-04-23,S,21,72235.63265306107,10
JAMMU & KASHMIR,2022-04-24,L,20,36758.147499999905,10
JAMMU & KASHMIR,2022-04-25,L,19,38166.66481994459,10
JAMMU & KASHMIR,2022-04-26,S,19,64478.87534626038,10
JAMMU & KASHMIR,2022-04-27,S,21,65547.75963718828,10
JAMMU & KASHMIR,2022-04-28,S,21,62741.93650793657,10
JAMMU & KASHMIR,2022-04-29,S,21,58602.78911564627,10
JAMMU & KASHMIR,2022-04-30,S,19,51004.65927977837,10
JAMMU & KASHMIR,2022-05-01,L,14,48260.81632653059,10
JAMMU & KASHMIR,2022-05-02,XL,16,123050.0,10
JAMMU & KASHMIR,2022-05-03,M,15,91493.35999999993,10
JAMMU & KASHMIR,2022-05-04,XL,14,75193.48979591846,10
JAMMU & KASHMIR,2022-05-05,XL,16,67480.77734375,10
JAMMU & KASHMIR,2022-05-06,M,18,81380.57098765427,10
JAMMU & KASHMIR,2022-05-07,M,16,59262.05859375,10
JAMMU & KASHMIR,2022-05-08,M,17,47974.79584775097,10
JAMMU & KASHMIR,2022-05-09,XL,18,74495.61728395056,10
JAMMU & KASHMIR,2022-05-10,XL,16,66417.984375,10
JAMMU & KASHMIR,2022-05-11,XL,17,64132.2906574395,10
JAMMU & KASHMIR,2022-05-12,L,15,52272.37333333329,10
JAMMU & KASHMIR,2022-05-13,L,14,55294.918367346865,10
JAMMU & KASHMIR,2022-05-14,L,13,54728.39053254435,10
JAMMU & KASHMIR,2022-05-15,L,13,66150.02366863919,10
JAMMU & KASHMIR,2022-05-16,L,14,61507.34693877539,10
JAMMU & KASHMIR,2022-05-17,L,15,62034.51555555547,10
JAMMU & KASHMIR,2022-05-18,L,13,61276.63905325433,10
JAMMU & KASHMIR,2022-05-19,XXL,12,74753.24305555556,10
JAMMU & KASHMIR,2022-05-20,L,12,36760.97222222225,10
JAMMU & KASHMIR,2022-05-21,L,11,39192.066115702444,10
JAMMU & KASHMIR,2022-05-22,M,13,51759.01775147929,10
JAMMU & KASHMIR,2022-05-23,M,14,60523.96428571432,10
JAMMU & KASHMIR,2022-05-24,M,13,64824.2485207101,10
JAMMU & KASHMIR,2022-05-25,M,12,47878.5,10
JAMMU & KASHMIR,2022-05-26,XXL,11,55743.14049586776,10
JAMMU & KASHMIR,2022-05-27,XXL,10,50557.25,10
JAMMU & KASHMIR,2022-05-28,3XL,10,61377.08999999997,10
JAMMU & KASHMIR,2022-05-29,3XL,10,61377.08999999997,10
JAMMU & KASHMIR,2022-05-30,3XL,9,64147.7283950618,10
JAMMU & KASHMIR,2022-05-31,3XL,10,82992.75999999995,10
JAMMU & KASHMIR,2022-06-01,L,10,172642.40999999992,10
JAMMU & KASHMIR,2022-06-02,L,10,165476.1600000001,10
JAMMU & KASHMIR,2022-06-03,L,11,159097.86776859505,10
JAMMU & KASHMIR,2022-06-04,L,13,159824.4023668639,10
JAMMU & KASHMIR,2022-06-05,L,14,104798.71428571426,10
JAMMU & KASHMIR,2022-06-06,L,16,89295.3125,10
JAMMU & KASHMIR,2022-06-07,L,17,84127.93771626306,10
JAMMU & KASHMIR,2022-06-08,L,19,77028.14404432126,10
JAMMU & KASHMIR,2022-06-09,L,19,81063.9335180056,10
JAMMU & KASHMIR,2022-06-10,L,18,83528.36111111118,10
JAMMU & KASHMIR,2022-06-11,XXL,17,95012.33910034603,10
JAMMU & KASHMIR,2022-06-12,L,17,81064.9134948097,10
JAMMU & KASHMIR,2022-06-13,L,20,62690.28749999998,10
JAMMU & KASHMIR,2022-06-14,L,20,59648.22749999998,10
JAMMU & KASHMIR,2022-06-15,L,18,46464.867283950676,10
JAMMU & KASHMIR,2022-06-16,L,16,55882.9375,10
JAMMU & KASHMIR,2022-06-17,L,15,57905.52888888877,10
JAMMU & KASHMIR,2022-06-18,L,13,63709.763313609525,10
JAMMU & KASHMIR,2022-06-19,L,13,56790.366863905336,10
JAMMU & KASHMIR,2022-06-20,L,13,56790.366863905336,10
JAMMU & KASHMIR,2022-06-21,3XL,14,147247.51530612248,10
JAMMU & KASHMIR,2022-06-22,XXL,14,62094.80102040811,10
JAMMU & KASHMIR,2022-06-23,XXL,14,62094.80102040811,10
JAMMU & KASHMIR,2022-06-24,XXL,15,58676.11555555562,10
JAMMU & KASHMIR,2022-06-25,XXL,12,69418.7430555555,10
JAMMU & KASHMIR,2022-06-26,XXL,12,69418.7430555555,10
JAMMU & KASHMIR,2022-06-27,XXL,12,69993.1875,10
JAMMU & KASHMIR,2022-06-28,XXL,13,68571.47928994085,10
JAMMU & KASHMIR,2022-06-29,XXL,12,37715.75,10
JAMMU & KASHMIR,2022-06-30,XXL,11,27309.52066115709,10
JAMMU & KASHMIR,2022-07-01,XXL,7,33482.20408163272,10
JAMMU & KASHMIR,2022-07-02,XL,6,3520.8888888889924,10
JAMMU & KASHMIR,2022-07-03,XXL,5,12969.360000000044,10
JAMMU & KASHMIR,2022-07-04,XXL,4,15802.1875,10
JAMMU & KASHMIR,2022-07-05,XL,3,3190.22222222219,10
JAMMU & KASHMIR,2022-07-06,XXL,3,19148.222222222248,10
JAMMU & KASHMIR,2022-07-07,M,3,207949.55555555562,10
JAMMU & KASHMIR,2022-07-08,S,1,0.0,10
JHARKHAND,2022-04-01,M,2,2500.0,10
JHARKHAND,2022-04-02,XXL,7,112093.55102040817,10
JHARKHAND,2022-04-03,M,12,39149.1875,10
JHARKHAND,2022-04-04,M,14,40134.7397959184,10
JHARKHAND,2022-04-05,M,15,37770.86222222226,10
JHARKHAND,2022-04-06,M,19,34087.56786703598,10
JHARKHAND,2022-04-07,M,22,42614.413223140524,10
JHARKHAND,2022-04-08,M,25,38145.417600000044,10
JHARKHAND,2022-04-09,M,26,37068.196745562076,10
JHARKHAND,2022-04-10,M,29,40494.04518430447,10
JHARKHAND,2022-04-11,M,27,42623.862825788674,10
JHARKHAND,2022-04-12,M,30,50746.76555555558,10
JHARKHAND,2022-04-13,L,27,52203.0480109739,10
JHARKHAND,2022-04-14,M,27,81359.80246913579,10
JHARKHAND,2022-04-15,L,30,63509.64555555559,10
JHARKHAND,2022-04-16,L,31,60714.572320499516,10
JHARKHAND,2022-04-17,L,36,61366.55555555556,10
JHARKHAND,2022-04-18,L,39,60522.8284023669,10
JHARKHAND,2022-04-19,L,40,67797.04750000004,10
JHARKHAND,2022-04-20,L,39,67359.92504930974,10
JHARKHAND,2022-04-21,M,42,99509.28174603177,10
JHARKHAND,2022-04-22,M,44,87838.02221074386,10
JHARKHAND,2022-04-23,M,46,87269.49574669189,10
JHARKHAND,2022-04-24,M,47,78748.83838841098,10
JHARKHAND,2022-04-25,M,49,70914.46314035822,10
JHARKHAND,2022-04-26,M,50,87716.62760000012,10
JHARKHAND,2022-04-27,M,53,95226.5140619438,10
JHARKHAND,2022-04-28,M,58,102663.33769322239,10
JHARKHAND,2022-04-29,M,59,100508.40333237586,10
JHARKHAND,2022-04-30,M,55,94558.64330578508,10
JHARKHAND,2022-05-01,M,48,94732.18706597225,10
JHARKHAND,2022-05-02,M,45,95095.80444444437,10
JHARKHAND,2022-05-03,M,44,89178.78254132229,10
JHARKHAND,2022-05-04,M,42,92298.5691609977,10
JHARKHAND,2022-05-05,M,39,93801.38198553579,10
JHARKHAND,2022-05-06,M,36,79524.73070987657,10
JHARKHAND,2022-05-07,S,35,86721.13959183678,10
JHARKHAND,2022-05-08,S,35,87430.27428571437,10
JHARKHAND,2022-05-09,S,35,87726.31346938771,10
JHARKHAND,2022-05-10,S,34,84810.88927335641,10
JHARKHAND,2022-05-11,S,32,94546.1875,10
JHARKHAND,2022-05-12,S,31,94145.98335067631,10
JHARKHAND,2022-05-13,S,31,94621.7877211239,10
JHARKHAND,2022-05-14,S,23,94966.83931947069,10
JHARKHAND,2022-05-15,XL,21,105980.693877551,10
JHARKHAND,2022-05-16,L,23,78440.57466918713,10
JHARKHAND,2022-05-17,L,23,78645.28166351607,10
JHARKHAND,2022-05-18,L,25,95637.06559999997,10
JHARKHAND,2022-05-19,L,24,85289.24305555562,10
JHARKHAND,2022-05-20,L,24,81996.62326388899,10
JHARKHAND,2022-05-21,L,23,84755.64461247635,10
JHARKHAND,2022-05-22,L,21,89961.91836734687,10
JHARKHAND,2022-05-23,L,23,88461.99243856332,10
JHARKHAND,2022-05-24,L,21,93768.72108843538,10
JHARKHAND,2022-05-25,L,21,93965.20181405894,10
JHARKHAND,2022-05-26,S,20,86799.82750000001,10
JHARKHAND,2022-05-27,S,22,73264.38016528916,10
JHARKHAND,2022-05-28,L,20,43832.94,10
JHARKHAND,2022-05-29,L,19,38863.71191135736,10
JHARKHAND,2022-05-30,M,22,97400.56198347104,10
JHARKHAND,2022-05-31,M,23,112037.96975425328,10
JHARKHAND,2022-06-01,M,30,108823.78222222219,10
JHARKHAND,2022-06-02,M,28,103723.30994897964,10
JHARKHAND,2022-06-03,M,29,120027.2675386446,10
JHARKHAND,2022-06-04,M,30,119385.71222222212,10
JHARKHAND,2022-06-05,M,29,121834.45422116527,10
JHARKHAND,2022-06-06,M,31,120610.9947970864,10
JHARKHAND,2022-06-07,M,33,118854.54729109281,10
JHARKHAND,2022-06-08,M,30,116190.43222222215,10
JHARKHAND,2022-06-09,M,28,85172.60586734687,10
JHARKHAND,2022-06-10,M,27,94638.41426611802,10
JHARKHAND,2022-06-11,L,21,85091.89569160994,10
JHARKHAND,2022-06-12,M,23,95495.56143667287,10
JHARKHAND,2022-06-13,M,23,94369.77693761815,10
JHARKHAND,2022-06-14,L,21,83550.58503401355,10
JHARKHAND,2022-06-15,L,21,83522.62585034012,10
JHARKHAND,2022-06-16,L,22,71667.97520661162,10
JHARKHAND,2022-06-17,L,22,51576.5371900826,10
JHARKHAND,2022-06-18,L,23,62753.27410207939,10
JHARKHAND,2022-06-19,L,22,57804.59504132235,10
JHARKHAND,2022-06-20,L,20,79350.24750000006,10
JHARKHAND,2022-06-21,L,19,80381.98337950133,10
JHARKHAND,2022-06-22,M,21,118868.0,10
JHARKHAND,2022-06-23,M,23,115016.17013232526,10
JHARKHAND,2022-06-24,L,23,73534.06427221169,10
JHARKHAND,2022-06-25,M,24,114607.65104166663,10
JHARKHAND,2022-06-26,L,20,84811.72749999998,10
JHARKHAND,2022-06-27,M,22,98620.50413223135,10
JHARKHAND,2022-06-28,M,23,111092.24574669183,10
JHARKHAND,2022-06-29,M,25,132291.17759999994,10
JHARKHAND,2022-06-30,M,20,126196.83999999997,10
JHARKHAND,2022-07-01,M,20,126196.83999999997,10
JHARKHAND,2022-07-02,M,15,112475.12888888887,10
JHARKHAND,2022-07-03,M,11,93491.88429752062,10
JHARKHAND,2022-07-04,M,11,93491.88429752062,10
JHARKHAND,2022-07-05,M,9,98384.09876543202,10
JHARKHAND,2022-07-06,M,8,108753.4375,10
JHARKHAND,2022-07-07,M,5,155369.84000000003,10
JHARKHAND,2022-07-08,3XL,4,80464.75,10
JHARKHAND,2022-07-09,3XL,1,0.0,10
KARNATAKA,2022-04-01,M,6,20561.916666666686,5
KARNATAKA,2022-04-02,M,37,90338.5434623814,5
KARNATAKA,2022-04-03,M,68,102536.89684256056,5
KARNATAKA,2022-04-04,XL,108,79354.24374142668,5
KARNATAKA,2022-04-05,XL,144,71928.10026041663,5
KARNATAKA,2022-04-06,L,178,79637.50347178383,5
KARNATAKA,2022-04-07,L,192,68073.21831597225,5
KARNATAKA,2022-04-08,L,184,56927.94987594511,5
KARNATAKA,2022-04-09,L,179,51718.80172279262,5
KARNATAKA,2022-04-10,L,186,50145.516736038844,5
KARNATAKA,2022-04-11,L,189,54712.112370874325,5
KARNATAKA,2022-04-12,L,183,62652.157723431534,5
KARNATAKA,2022-04-13,L,176,56531.8463003615,5
KARNATAKA,2022-04-14,L,185,61312.25116143172,5
KARNATAKA,2022-04-15,L,183,63287.756397623045,5
KARNATAKA,2022-04-16,L,180,66667.4781172839,5
KARNATAKA,2022-04-17,L,197,70193.9618645159,5
KARNATAKA,2022-04-18,L,204,73303.99219050369,5
KARNATAKA,2022-04-19,XL,195,55825.08707429323,5
KARNATAKA,2022-04-20,XL,192,57289.667290581565,5
KARNATAKA,2022-04-21,M,178,69519.48494508275,5
KARNATAKA,2022-04-22,M,171,70162.41305016924,5
KARNATAKA,2022-04-23,M,179,70506.67463562306,5
KARNATAKA,2022-04-24,M,183,68218.5104959837,5
KARNATAKA,2022-04-25,L,175,62533.06102857145,5
KARNATAKA,2022-04-26,M,172,60088.62449296919,5
KARNATAKA,2022-04-27,L,173,67618.50258946168,5
KARNATAKA,2022-04-28,L,171,73422.14924250194,5
KARNATAKA,2022-04-29,L,185,70939.04970051127,5
KARNATAKA,2022-04-30,L,173,68688.0707006582,5
KARNATAKA,2022-05-01,L,174,71508.78851235297,5
KARNATAKA,2022-05-02,L,169,75503.89349112421,5
KARNATAKA,2022-05-03,M,188,53299.728497057455,5
KARNATAKA,2022-05-04,M,191,45098.29132973333,5
KARNATAKA,2022-05-05,M,211,57094.25682262302,5
KARNATAKA,2022-05-06,M,212,60928.75560697762,5
KARNATAKA,2022-05-07,XL,193,83216.05175977875,5
KARNATAKA,2022-05-08,XL,178,87213.30567478854,5
KARNATAKA,2022-05-09,M,162,78763.51779454353,5
KARNATAKA,2022-05-10,XL,144,71246.78684413579,5
KARNATAKA,2022-05-11,M,128,66561.2006225586,5
KARNATAKA,2022-05-12,M,137,74431.99211465719,5
KARNATAKA,2022-05-13,M,125,107580.49497599993,5
KARNATAKA,2022-05-14,M,120,109118.89555555565,5
KARNATAKA,2022-05-15,M,120,97373.67083333328,5
KARNATAKA,2022-05-16,M,120,98472.23305555561,5
KARNATAKA,2022-05-17,M,115,88841.78404536861,5
KARNATAKA,2022-05-18,M,113,61359.48782206909,5
KARNATAKA,2022-05-19,M,128,69038.453125,5
KARNATAKA,2022-05-20,M,130,72240.9197633136,5
KARNATAKA,2022-05-21,M,123,71578.4823848239,5
KARNATAKA,2022-05-22,M,125,81969.82105600007,5
KARNATAKA,2022-05-23,M,123,81748.45092207019,5
KARNATAKA,2022-05-24,L,120,60458.55493055552,5
KARNATAKA,2022-05-25,L,132,61861.36776859505,5
KARNATAKA,2022-05-26,XL,134,81348.66145021172,5
KARNATAKA,2022-05-27,XL,133,74744.55548646057,5
KARNATAKA,2022-05-28,XL,130,44602.94017751474,5
KARNATAKA,2022-05-29,XL,139,48414.72190880397,5
KARNATAKA,2022-05-30,XL,147,51498.338007311744,5
KARNATAKA,2022-05-31,XL,147,56010.32653061225,5
KARNATAKA,2022-06-01,XL,140,70564.77122448984,5
KARNATAKA,2022-06-02,M,171,76535.95718340675,5
KARNATAKA,2022-06-03,M,174,68090.96155370597,5
KARNATAKA,2022-06-04,M,172,73816.60394131963,5
KARNATAKA,2022-06-05,M,163,73109.93586510589,5
KARNATAKA,2022-06-06,M,166,69336.74266947305,5
KARNATAKA,2022-06-07,XL,155,63580.65748178976,5
KARNATAKA,2022-06-08,L,166,68249.85092175927,5
KARNATAKA,2022-06-09,XL,185,66008.67506208911,5
KARNATAKA,2022-06-10,L,187,73266.67082272866,5
KARNATAKA,2022-06-11,L,180,87679.77070987655,5
KARNATAKA,2022-06-12,L,176,89343.23860408063,5
KARNATAKA,2022-06-13,XL,177,73547.47377828846,5
KARNATAKA,2022-06-14,L,168,87865.80428004533,5
KARNATAKA,2022-06-15,L,165,80782.41153351706,5
KARNATAKA,2022-06-16,M,171,88137.09141274239,5
KARNATAKA,2022-06-17,M,171,88613.63687972364,5
KARNATAKA,2022-06-18,M,166,93369.59794600081,5
KARNATAKA,2022-06-19,M,169,90037.8740240187,5
KARNATAKA,2022-06-20,M,149,78046.62204405211,5
KARNATAKA,2022-06-21,XL,139,68897.94317064335,5
KARNATAKA,2022-06-22,M,136,63047.34553416958,5
KARNATAKA,2022-06-23,M,136,62165.826503027754,5
KARNATAKA,2022-06-24,L,126,85307.45609725366,5
KARNATAKA,2022-06-25,L,134,81948.18979728222,5
KARNATAKA,2022-06-26,L,131,63440.44507895806,5
KARNATAKA,2022-06-27,M,123,79097.44054464932,5
KARNATAKA,2022-06-28,M,114,86149.41982148355,5
KARNATAKA,2022-06-29,L,112,70859.85204081633,5
KARNATAKA,2022-06-30,L,95,66705.87301939056,5
KARNATAKA,2022-07-01,L,71,78485.33068835543,5
KARNATAKA,2022-07-02,L,52,71866.74556213018,5
KARNATAKA,2022-07-03,L,27,72509.76406035665,5
KARNATAKA,2022-07-04,M,6,20085.805555555533,5
KERALA,2022-04-01,S,3,4630.888888888934,10
KERALA,2022-04-02,XL,15,50807.98222222226,10
KERALA,2022-04-03,M,31,63364.43496357964,10
KERALA,2022-04-04,L,43,59020.38831800973,10
KERALA,2022-04-05,L,51,53327.229527104995,10
KERALA,2022-04-06,M,65,62015.16071005922,10
KERALA,2022-04-07,M,76,58638.48060941824,10
KERALA,2022-04-08,M,89,56545.7260446914,10
KERALA,2022-04-09,L,103,47818.61532660946,10
KERALA,2022-04-10,L,112,52157.80859375,10
KERALA,2022-04-11,M,126,60313.90299823636,10
KERALA,2022-04-12,M,122,55539.24724536424,10
KERALA,2022-04-13,M,115,60223.46192816639,10
KERALA,2022-04-14,M,115,59245.2068052931,10
KERALA,2022-04-15,L,122,64028.41366568132,10
KERALA,2022-04-16,L,125,65703.48761599994,10
KERALA,2022-04-17,L,125,68001.73414399999,10
KERALA,2022-04-18,L,127,74728.50641701277,10
KERALA,2022-04-19,L,124,72064.87740634748,10
KERALA,2022-04-20,L,120,67658.06638888892,10
KERALA,2022-04-21,L,129,55262.25779700739,10
KERALA,2022-04-22,L,135,54538.29574759939,10
KERALA,2022-04-23,L,142,56459.19242213847,10
KERALA,2022-04-24,L,136,58365.13186634949,10
KERALA,2022-04-25,L,132,54715.45196280995,10
KERALA,2022-04-26,L,131,49784.692267350445,10
KERALA,2022-04-27,L,127,49092.91375782754,10
KERALA,2022-04-28,XL,123,49867.826426069136,10
KERALA,2022-04-29,L,120,43329.3997222223,10
KERALA,2022-04-30,L,126,46009.39411690598,10
KERALA,2022-05-01,L,116,48412.65480083233,10
KERALA,2022-05-02,XL,118,48826.856363114144,10
KERALA,2022-05-03,XL,122,46352.05025530775,10
KERALA,2022-05-04,XL,124,39877.404786680534,10
KERALA,2022-05-05,XL,126,44270.83629377675,10
KERALA,2022-05-06,XL,127,40986.67518135032,10
KERALA,2022-05-07,M,122,60854.7289035205,10
KERALA,2022-05-08,M,124,67070.82258064515,10
KERALA,2022-05-09,M,119,65359.20259868656,10
KERALA,2022-05-10,XL,118,53735.52197644353,10
KERALA,2022-05-11,L,116,65605.76538347214,10
KERALA,2022-05-12,M,114,62724.214604493696,10
KERALA,2022-05-13,L,114,64140.79262850102,10
KERALA,2022-05-14,M,102,72775.97539407917,10
KERALA,2022-05-15,S,101,59176.443093814305,10
KERALA,2022-05-16,L,103,59579.72740126308,10
KERALA,2022-05-17,L,101,62984.46093520243,10
KERALA,2022-05-18,L,98,64262.22334443976,10
KERALA,2022-05-19,L,95,66582.1961218837,10
KERALA,2022-05-20,L,99,65677.62922150805,10
KERALA,2022-05-21,M,97,73566.67467318528,10
KERALA,2022-05-22,M,98,65503.41243231989,10
KERALA,2022-05-23,M,93,66277.29818476131,10
KERALA,2022-05-24,L,93,58499.572898601065,10
KERALA,2022-05-25,L,95,58237.99711911357,10
KERALA,2022-05-26,L,80,63485.806093750114,10
KERALA,2022-05-27,XL,83,62786.8468573087,10
KERALA,2022-05-28,XL,92,65616.41304347827,10
KERALA,2022-05-29,XL,103,60605.97134508431,10
KERALA,2022-05-30,XL,102,52375.803537101136,10
KERALA,2022-05-31,XL,106,51263.682449270156,10
KERALA,2022-06-01,XL,109,53448.07103779138,10
KERALA,2022-06-02,XL,111,60532.71779887995,10
KERALA,2022-06-03,XL,109,58885.79951182555,10
KERALA,2022-06-04,XL,114,67487.680901816,10
KERALA,2022-06-05,XL,118,68411.3795604711,10
KERALA,2022-06-06,XL,113,70716.40723627544,10
KERALA,2022-06-07,XL,112,65498.060507015325,10
KERALA,2022-06-08,M,107,56583.17826884444,10
KERALA,2022-06-09,M,105,46934.53514739231,10
KERALA,2022-06-10,M,108,46568.70464677643,10
KERALA,2022-06-11,M,110,46015.81066115707,10
KERALA,2022-06-12,L,113,54980.97486099147,10
KERALA,2022-06-13,L,115,52725.02412098297,10
KERALA,2022-06-14,M,118,60704.45568802074,10
KERALA,2022-06-15,M,122,57529.918637463066,10
KERALA,2022-06-16,M,127,66477.69917539845,10
KERALA,2022-06-17,M,123,66304.37966818694,10
KERALA,2022-06-18,M,121,71133.05402636435,10
KERALA,2022-06-19,M,115,72014.82162570895,10
KERALA,2022-06-20,M,112,72622.03053252562,10
KERALA,2022-06-21,M,110,72490.29264462803,10
KERALA,2022-06-22,M,110,74456.45363636367,10
KERALA,2022-06-23,L,115,77135.76226843102,10
KERALA,2022-06-24,M,103,66990.67640682432,10
KERALA,2022-06-25,L,102,61099.532487504825,10
KERALA,2022-06-26,L,113,74077.70146448433,10
KERALA,2022-06-27,L,119,71485.86554621847,10
KERALA,2022-06-28,L,123,74543.92980368831,10
KERALA,2022-06-29,L,119,78916.1971612174,10
KERALA,2022-06-30,L,117,78900.20512820513,10
KERALA,2022-07-01,L,101,82112.70346044505,10
KERALA,2022-07-02,L,83,78540.2685440557,10
KERALA,2022-07-03,L,69,79703.081705524,10
KERALA,2022-07-04,L,65,82198.67360946746,10
KERALA,2022-07-05,L,56,91015.02774234687,10
KERALA,2022-07-06,L,35,75817.59673469386,10
KERALA,2022-07-07,S,21,60205.36054421769,10
KERALA,2022-07-08,XL,12,79770.7430555555,10
KERALA,2022-07-09,M,2,10302.25,10
LADAKH,2022-04-04,M,1,0.0,10
LADAKH,2022-04-05,M,1,0.0,10
LADAKH,2022-04-06,L,1,0.0,10
LADAKH,2022-04-07,L,1,0.0,10
LADAKH,2022-04-08,L,1,0.0,10
LADAKH,2022-04-09,L,1,0.0,10
LADAKH,2022-04-10,M,2,67860.25,10
LADAKH,2022-04-11,M,2,67860.25,10
LADAKH,2022-04-12,M,2,67860.25,10
LADAKH,2022-04-13,M,2,67860.25,10
LADAKH,2022-04-14,XL,2,22952.25,10
LADAKH,2022-04-15,L,2,6084.0,10
LADAKH,2022-04-16,3XL,1,0.0,10
LADAKH,2022-04-17,3XL,1,0.0,10
LADAKH,2022-04-18,3XL,1,0.0,10
LADAKH,2022-04-19,3XL,1,0.0,10
LADAKH,2022-04-20,3XL,1,0.0,10
LADAKH,2022-04-21,L,2,1681.0,10
LADAKH,2022-04-22,L,2,1681.0,10
LADAKH,2022-04-23,L,2,1681.0,10
LADAKH,2022-04-24,L,2,1681.0,10
LADAKH,2022-04-25,L,2,0.0,10
LADAKH,2022-04-26,L,2,0.0,10
LADAKH,2022-04-27,L,2,0.0,10
LADAKH,2022-04-28,L,2,0.0,10
LADAKH,2022-04-29,L,2,0.0,10
LADAKH,2022-04-30,L,2,0.0,10
LADAKH,2022-05-01,XXL,2,107256.25,10
LADAKH,2022-05-02,XXL,2,107256.25,10
LADAKH,2022-05-03,XXL,2,107256.25,10
LADAKH,2022-05-04,XXL,2,107256.25,10
LADAKH,2022-05-05,3XL,1,0.0,10
LADAKH,2022-05-06,3XL,1,0.0,10
LADAKH,2022-05-07,3XL,1,0.0,10
LADAKH,2022-05-08,3XL,1,0.0,10
LADAKH,2022-05-09,3XL,1,0.0,10
LADAKH,2022-05-10,3XL,1,0.0,10
LADAKH,2022-05-11,3XL,1,0.0,10
LADAKH,2022-05-12,3XL,1,0.0,10
LADAKH,2022-05-13,3XL,1,0.0,10
LADAKH,2022-05-14,S,1,0.0,10
LADAKH,2022-05-15,M,1,0.0,10
LADAKH,2022-05-16,M,1,0.0,10
LADAKH,2022-05-17,M,1,0.0,10
LADAKH,2022-05-18,M,1,0.0,10
LADAKH,2022-05-19,M,1,0.0,10
LADAKH,2022-05-20,M,1,0.0,10
LADAKH,2022-05-21,M,1,0.0,10
LADAKH,2022-05-22,M,2,157212.25,10
LADAKH,2022-05-23,M,2,157212.25,10
LADAKH,2022-05-24,M,2,157212.25,10
LADAKH,2022-05-25,M,2,2304.0,10
LADAKH,2022-05-26,M,3,112299.5555555555,10
LADAKH,2022-05-27,M,3,112299.5555555555,10
LADAKH,2022-05-28,M,3,112299.5555555555,10
LADAKH,2022-05-29,M,3,112299.5555555555,10
LADAKH,2022-05-30,M,3,112299.5555555555,10
LADAKH,2022-05-31,M,3,112299.5555555555,10
LADAKH,2022-06-01,M,2,108241.0,10
LADAKH,2022-06-02,M,2,108241.0,10
LADAKH,2022-06-03,M,2,108241.0,10
LADAKH,2022-06-04,L,1,0.0,10
LADAKH,2022-06-05,L,1,0.0,10
LADAKH,2022-06-06,L,1,0.0,10
LADAKH,2022-06-07,M,2,18090.25,10
LADAKH,2022-06-08,M,2,18090.25,10
LADAKH,2022-06-09,M,2,18090.25,10
LADAKH,2022-06-10,M,2,18090.25,10
LADAKH,2022-06-11,M,2,18090.25,10
LADAKH,2022-06-12,S,3,49734.22222222213,10
LADAKH,2022-06-13,S,3,49734.22222222213,10
LADAKH,2022-06-14,S,3,49734.22222222213,10
LADAKH,2022-06-15,M,2,18090.25,10
LADAKH,2022-06-16,M,2,18090.25,10
LADAKH,2022-06-17,S,2,27225.0,10
LADAKH,2022-06-18,S,1,0.0,10
LADAKH,2022-06-19,M,1,0.0,10
LADAKH,2022-06-20,M,2,36100.0,10
LADAKH,2022-06-21,M,2,36100.0,10
LADAKH,2022-06-22,M,2,36100.0,10
LADAKH,2022-06-23,M,2,36100.0,10
LADAKH,2022-06-24,M,2,36100.0,10
LADAKH,2022-06-25,M,2,36100.0,10
LADAKH,2022-06-26,M,2,36100.0,10
LADAKH,2022-06-27,M,2,36100.0,10
LADAKH,2022-06-28,M,2,36100.0,10
LADAKH,2022-06-29,M,1,0.0,10
LADAKH,2022-06-30,XXL,1,0.0,10
LADAKH,2022-07-01,XXL,1,0.0,10
LADAKH,2022-07-02,XXL,1,0.0,10
LADAKH,2022-07-03,XXL,1,0.0,10
LADAKH,2022-07-04,XXL,1,0.0,10
LADAKH,2022-07-05,XXL,1,0.0,10
LADAKH,2022-07-06,XXL,1,0.0,10
LADAKH,2022-07-07,XXL,1,0.0,10
LAKSHADWEEP,2022-04-13,M,1,0.0,10
LAKSHADWEEP,2022-04-14,M,1,0.0,10
LAKSHADWEEP,2022-04-15,M,1,0.0,10
LAKSHADWEEP,2022-04-16,M,1,0.0,10
LAKSHADWEEP,2022-04-17,M,1,0.0,10
LAKSHADWEEP,2022-04-18,M,1,0.0,10
LAKSHADWEEP,2022-04-19,M,1,0.0,10
LAKSHADWEEP,2022-04-20,M,1,0.0,10
LAKSHADWEEP,2022-04-21,M,1,0.0,10
LAKSHADWEEP,2022-04-22,M,1,0.0,10
LAKSHADWEEP,2022-05-13,S,1,0.0,10
LAKSHADWEEP,2022-05-14,S,1,0.0,10
LAKSHADWEEP,2022-05-15,S,1,0.0,10
LAKSHADWEEP,2022-05-16,S,1,0.0,10
LAKSHADWEEP,2022-05-17,S,1,0.0,10
LAKSHADWEEP,2022-05-18,S,1,0.0,10
LAKSHADWEEP,2022-05-19,S,1,0.0,10
LAKSHADWEEP,2022-05-20,S,1,0.0,10
LAKSHADWEEP,2022-05-21,S,1,0.0,10
LAKSHADWEEP,2022-05-22,S,1,0.0,10
LAKSHADWEEP,2022-06-07,3XL,1,0.0,10
LAKSHADWEEP,2022-06-08,3XL,1,0.0,10
LAKSHADWEEP,2022-06-09,3XL,1,0.0,10
LAKSHADWEEP,2022-06-10,3XL,1,0.0,10
LAKSHADWEEP,2022-06-11,3XL,1,0.0,10
LAKSHADWEEP,2022-06-12,3XL,1,0.0,10
LAKSHADWEEP,2022-06-13,3XL,1,0.0,10
LAKSHADWEEP,2022-06-14,3XL,1,0.0,10
LAKSHADWEEP,2022-06-15,3XL,1,0.0,10
LAKSHADWEEP,2022-06-16,3XL,1,0.0,10
MADHYA PRADESH,2022-04-01,XL,1,0.0,10
MADHYA PRADESH,2022-04-02,L,9,63917.061728395,10
MADHYA PRADESH,2022-04-03,L,14,50984.02551020414,10
MADHYA PRADESH,2022-04-04,L,20,83973.48999999999,10
MADHYA PRADESH,2022-04-05,L,24,80687.0,10
MADHYA PRADESH,2022-04-06,M,33,49532.89439853083,10
MADHYA PRADESH,2022-04-07,M,38,48941.98614958458,10
MADHYA PRADESH,2022-04-08,L,44,66461.19834710751,10
MADHYA PRADESH,2022-04-09,L,47,64938.70801267546,10
MADHYA PRADESH,2022-04-10,L,50,69393.20000000007,10
MADHYA PRADESH,2022-04-11,M,55,45780.417851239676,10
MADHYA PRADESH,2022-04-12,M,52,41821.97485207103,10
MADHYA PRADESH,2022-04-13,M,50,44361.76999999996,10
MADHYA PRADESH,2022-04-14,M,51,43913.56708958093,10
MADHYA PRADESH,2022-04-15,L,53,63313.39480242081,10
MADHYA PRADESH,2022-04-16,M,50,64487.34759999998,10
MADHYA PRADESH,2022-04-17,L,51,72072.14071510953,10
MADHYA PRADESH,2022-04-18,M,49,67358.52977925865,10
MADHYA PRADESH,2022-04-19,M,47,73658.68990493444,10
MADHYA PRADESH,2022-04-20,L,48,57074.530815972306,10
MADHYA PRADESH,2022-04-21,M,51,66729.45174932724,10
MADHYA PRADESH,2022-04-22,M,56,57919.5889668368,10
MADHYA PRADESH,2022-04-23,M,58,71246.62455410219,10
MADHYA PRADESH,2022-04-24,XL,56,66389.17346938775,10
MADHYA PRADESH,2022-04-25,M,53,61946.6258454966,10
MADHYA PRADESH,2022-04-26,XL,53,83761.94019223918,10
MADHYA PRADESH,2022-04-27,M,51,47982.27527873899,10
MADHYA PRADESH,2022-04-28,M,51,47612.41830065363,10
MADHYA PRADESH,2022-04-29,M,55,58799.79834710737,10
MADHYA PRADESH,2022-04-30,M,53,60896.148807404796,10
MADHYA PRADESH,2022-05-01,S,50,54672.40359999996,10
MADHYA PRADESH,2022-05-02,S,47,55243.219556360506,10
MADHYA PRADESH,2022-05-03,S,48,55384.138888888876,10
MADHYA PRADESH,2022-05-04,M,48,60522.854166666686,10
MADHYA PRADESH,2022-05-05,S,51,65392.59131103428,10
MADHYA PRADESH,2022-05-06,S,49,63357.687630154076,10
MADHYA PRADESH,2022-05-07,M,49,67325.11870054144,10
MADHYA PRADESH,2022-05-08,M,51,73618.52902729728,10
MADHYA PRADESH,2022-05-09,M,54,79148.5555555555,10
MADHYA PRADESH,2022-05-10,XL,62,118148.90218522365,10
MADHYA PRADESH,2022-05-11,XL,61,121087.2915882828,10
MADHYA PRADESH,2022-05-12,XL,64,121734.02709960938,10
MADHYA PRADESH,2022-05-13,XL,61,110303.98602526193,10
MADHYA PRADESH,2022-05-14,XL,58,106608.51040428056,10
MADHYA PRADESH,2022-05-15,XL,54,113522.45953360765,10
MADHYA PRADESH,2022-05-16,XL,54,114353.29080932774,10
MADHYA PRADESH,2022-05-17,XL,46,93808.88846880908,10
MADHYA PRADESH,2022-05-18,M,42,83609.72108843538,10
MADHYA PRADESH,2022-05-19,XL,38,98665.67313019396,10
MADHYA PRADESH,2022-05-20,M,35,55035.53959183674,10
MADHYA PRADESH,2022-05-21,M,35,53426.484897959104,10
MADHYA PRADESH,2022-05-22,M,31,76132.50780437049,10
MADHYA PRADESH,2022-05-23,M,33,72115.14784205682,10
MADHYA PRADESH,2022-05-24,M,35,64293.04489795922,10
MADHYA PRADESH,2022-05-25,M,36,61852.83333333349,10
MADHYA PRADESH,2022-05-26,M,35,66292.56000000006,10
MADHYA PRADESH,2022-05-27,XXL,36,75795.17515432101,10
MADHYA PRADESH,2022-05-28,M,39,94791.35700197227,10
MADHYA PRADESH,2022-05-29,M,41,91096.67816775735,10
MADHYA PRADESH,2022-05-30,M,43,76937.41157382366,10
MADHYA PRADESH,2022-05-31,M,40,84721.81937500008,10
MADHYA PRADESH,2022-06-01,M,44,73705.83626033046,10
MADHYA PRADESH,2022-06-02,M,47,81461.86600271612,10
MADHYA PRADESH,2022-06-03,M,46,81805.4598298677,10
MADHYA PRADESH,2022-06-04,M,50,89523.93000000005,10
MADHYA PRADESH,2022-06-05,M,53,86510.6849412602,10
MADHYA PRADESH,2022-06-06,M,56,70049.85586734704,10
MADHYA PRADESH,2022-06-07,M,54,65151.96570644714,10
MADHYA PRADESH,2022-06-08,M,52,66363.42455621308,10
MADHYA PRADESH,2022-06-09,XL,51,97699.30411380238,10
MADHYA PRADESH,2022-06-10,XL,53,111495.82627269486,10
MADHYA PRADESH,2022-06-11,M,49,68287.85839233646,10
MADHYA PRADESH,2022-06-12,M,50,59629.42239999998,10
MADHYA PRADESH,2022-06-13,M,58,58663.86920332932,10
MADHYA PRADESH,2022-06-14,M,55,46325.68925619841,10
MADHYA PRADESH,2022-06-15,M,51,53603.38408304489,10
MADHYA PRADESH,2022-06-16,M,57,77909.99815327796,10
MADHYA PRADESH,2022-06-17,M,58,79255.02853745542,10
MADHYA PRADESH,2022-06-18,M,60,79089.8208333333,10
MADHYA PRADESH,2022-06-19,M,59,82461.37259408215,10
MADHYA PRADESH,2022-06-20,M,57,89640.15512465383,10
MADHYA PRADESH,2022-06-21,M,57,89411.402277624,10
MADHYA PRADESH,2022-06-22,M,55,98734.83504132228,10
MADHYA PRADESH,2022-06-23,M,48,113504.11067708337,10
MADHYA PRADESH,2022-06-24,M,46,116880.1290170133,10
MADHYA PRADESH,2022-06-25,M,48,116927.52604166663,10
MADHYA PRADESH,2022-06-26,M,37,95382.64864864864,10
MADHYA PRADESH,2022-06-27,M,32,104892.0302734375,10
MADHYA PRADESH,2022-06-28,M,30,105206.29888888897,10
MADHYA PRADESH,2022-06-29,M,30,100009.12888888898,10
MADHYA PRADESH,2022-06-30,M,29,98293.14387633768,10
MADHYA PRADESH,2022-07-01,M,23,99185.96975425334,10
MADHYA PRADESH,2022-07-02,M,19,94967.29085872573,10
MADHYA PRADESH,2022-07-03,3XL,16,82054.109375,10
MADHYA PRADESH,2022-07-04,3XL,14,81822.96428571426,10
MADHYA PRADESH,2022-07-05,3XL,13,84089.32544378698,10
MADHYA PRADESH,2022-07-06,3XL,10,88485.40999999997,10
MADHYA PRADESH,2022-07-07,3XL,7,98291.14285714284,10
MADHYA PRADESH,2022-07-08,S,3,17323.55555555559,10
MADHYA PRADESH,2022-07-09,L,1,0.0,10
MAHARASHTRA,2022-04-01,M,5,34017.83999999991,5
MAHARASHTRA,2022-04-02,XL,43,70763.30016224989,5
MAHARASHTRA,2022-04-03,XL,75,60453.02648888889,5
MAHARASHTRA,2022-04-04,XL,118,70160.69893708709,5
MAHARASHTRA,2022-04-05,L,152,78720.46671572031,5
MAHARASHTRA,2022-04-06,L,205,83344.78681737062,5
MAHARASHTRA,2022-04-07,L,215,83815.99818280147,5
MAHARASHTRA,2022-04-08,L,230,82013.32516068051,5
MAHARASHTRA,2022-04-09,L,236,79895.87783682847,5
MAHARASHTRA,2022-04-10,L,231,72660.40085455665,5
MAHARASHTRA,2022-04-11,L,225,65139.65795555565,5
MAHARASHTRA,2022-04-12,L,224,66367.48596938775,5
MAHARASHTRA,2022-04-13,L,215,64139.36744186049,5
MAHARASHTRA,2022-04-14,L,216,60196.490397805115,5
MAHARASHTRA,2022-04-15,L,218,64901.18872569647,5
MAHARASHTRA,2022-04-16,L,218,66353.47994697414,5
MAHARASHTRA,2022-04-17,M,224,69981.79015864164,5
MAHARASHTRA,2022-04-18,M,237,74630.08043582761,5
MAHARASHTRA,2022-04-19,M,226,77623.11982144258,5
MAHARASHTRA,2022-04-20,M,216,65654.89120370365,5
MAHARASHTRA,2022-04-21,L,218,54387.65103947476,5
MAHARASHTRA,2022-04-22,M,214,60381.02340815787,5
MAHARASHTRA,2022-04-23,M,226,60269.06431592145,5
MAHARASHTRA,2022-04-24,M,252,58235.89128243888,5
MAHARASHTRA,2022-04-25,M,262,62392.322300565196,5
MAHARASHTRA,2022-04-26,M,242,65630.97665801516,5
MAHARASHTRA,2022-04-27,XL,239,52283.15911836276,5
MAHARASHTRA,2022-04-28,XL,235,55256.43813490262,5
MAHARASHTRA,2022-04-29,XL,212,56473.53390886437,5
MAHARASHTRA,2022-04-30,XXL,186,69986.11530234711,5
MAHARASHTRA,2022-05-01,XL,192,62300.471978081565,5
MAHARASHTRA,2022-05-02,XL,201,61482.10400732659,5
MAHARASHTRA,2022-05-03,XL,236,62786.41065785696,5
MAHARASHTRA,2022-05-04,XL,270,58837.95172839507,5
MAHARASHTRA,2022-05-05,L,278,67510.73127684905,5
MAHARASHTRA,2022-05-06,XL,268,57830.71222711075,5
MAHARASHTRA,2022-05-07,L,240,68277.2947222222,5
MAHARASHTRA,2022-05-08,M,222,91114.12898709514,5
MAHARASHTRA,2022-05-09,M,210,107191.39990929706,5
MAHARASHTRA,2022-05-10,M,181,109498.80797289463,5
MAHARASHTRA,2022-05-11,M,171,114223.88208337605,5
MAHARASHTRA,2022-05-12,M,172,97988.66725256894,5
MAHARASHTRA,2022-05-13,M,169,80610.56573649385,5
MAHARASHTRA,2022-05-14,M,156,60552.34253780404,5
MAHARASHTRA,2022-05-15,M,156,73267.11550788954,5
MAHARASHTRA,2022-05-16,M,147,70364.79133694299,5
MAHARASHTRA,2022-05-17,XXL,144,63692.508053626516,5
MAHARASHTRA,2022-05-18,XL,145,111980.40076099889,5
MAHARASHTRA,2022-05-19,XXL,152,58959.60734072013,5
MAHARASHTRA,2022-05-20,3XL,164,61015.66522903036,5
MAHARASHTRA,2022-05-21,XL,147,96974.0433152853,5
MAHARASHTRA,2022-05-22,XL,146,69493.19009194971,5
MAHARASHTRA,2022-05-23,M,161,77547.90748813696,5
MAHARASHTRA,2022-05-24,XL,168,63727.089994331065,5
MAHARASHTRA,2022-05-25,XL,181,69044.20878483565,5
MAHARASHTRA,2022-05-26,XL,193,71233.59682139114,5
MAHARASHTRA,2022-05-27,XL,195,69672.99445101898,5
MAHARASHTRA,2022-05-28,XL,194,68149.12339249655,5
MAHARASHTRA,2022-05-29,XL,170,66929.12885813147,5
MAHARASHTRA,2022-05-30,XL,163,61431.883699047845,5
MAHARASHTRA,2022-05-31,XL,155,57362.378772112424,5
MAHARASHTRA,2022-06-01,XL,168,62487.01782171201,5
MAHARASHTRA,2022-06-02,XL,178,64560.637072339305,5
MAHARASHTRA,2022-06-03,XL,187,71176.8691126426,5
MAHARASHTRA,2022-06-04,XL,185,74902.00046749454,5
MAHARASHTRA,2022-06-05,L,198,76964.29795429029,5
MAHARASHTRA,2022-06-06,L,194,77070.002364757,5
MAHARASHTRA,2022-06-07,L,195,80309.04378698219,5
MAHARASHTRA,2022-06-08,XL,189,71011.85963438882,5
MAHARASHTRA,2022-06-09,L,208,88242.72152366868,5
MAHARASHTRA,2022-06-10,L,220,76440.14452479343,5
MAHARASHTRA,2022-06-11,L,215,84106.34712817747,5
MAHARASHTRA,2022-06-12,L,208,77528.59245562128,5
MAHARASHTRA,2022-06-13,L,226,70370.94933040958,5
MAHARASHTRA,2022-06-14,L,204,71656.30476259126,5
MAHARASHTRA,2022-06-15,L,177,77672.59797631577,5
MAHARASHTRA,2022-06-16,L,173,80243.72648601694,5
MAHARASHTRA,2022-06-17,L,171,82654.15724496421,5
MAHARASHTRA,2022-06-18,XL,161,96472.69549785886,5
MAHARASHTRA,2022-06-19,L,147,89040.39909297053,5
MAHARASHTRA,2022-06-20,XL,153,95016.93177837576,5
MAHARASHTRA,2022-06-21,XL,179,94216.21247776278,5
MAHARASHTRA,2022-06-22,XL,180,80909.8808333333,5
MAHARASHTRA,2022-06-23,XL,184,93689.80857159721,5
MAHARASHTRA,2022-06-24,XL,192,92344.38018120656,5
MAHARASHTRA,2022-06-25,XL,184,91537.52170959354,5
MAHARASHTRA,2022-06-26,XL,160,79256.08902343753,5
MAHARASHTRA,2022-06-27,XL,151,89689.27968071576,5
MAHARASHTRA,2022-06-28,XL,139,86488.74209409446,5
MAHARASHTRA,2022-06-29,XL,133,85683.07456611446,5
MAHARASHTRA,2022-06-30,XL,111,78953.17815112416,5
MAHARASHTRA,2022-07-01,M,85,98773.89674740488,5
MAHARASHTRA,2022-07-02,M,54,93482.01543209882,5
MAHARASHTRA,2022-07-03,XL,29,39933.731272294826,5
MAHARASHTRA,2022-07-04,S,8,41062.1875,5
MANIPUR,2022-04-02,M,2,323761.0,10
MANIPUR,2022-04-03,XL,3,20682.666666666686,10
MANIPUR,2022-04-04,XL,3,20682.666666666686,10
MANIPUR,2022-04-05,XL,3,20682.666666666686,10
MANIPUR,2022-04-06,XXL,5,42518.96000000008,10
MANIPUR,2022-04-07,XXL,5,42518.96000000008,10
MANIPUR,2022-04-08,XXL,5,42518.96000000008,10
MANIPUR,2022-04-09,L,9,49172.02469135809,10
MANIPUR,2022-04-10,L,10,53047.01000000001,10
MANIPUR,2022-04-11,L,11,48230.80991735542,10
MANIPUR,2022-04-12,L,12,66314.40972222213,10
MANIPUR,2022-04-13,L,14,77419.02551020402,10
MANIPUR,2022-04-14,L,14,77419.02551020402,10
MANIPUR,2022-04-15,L,14,77419.02551020402,10
MANIPUR,2022-04-16,L,12,66827.07638888899,10
MANIPUR,2022-04-17,L,9,84492.4444444445,10
MANIPUR,2022-04-18,L,10,86880.0099999999,10
MANIPUR,2022-04-19,M,9,109928.17283950618,10
MANIPUR,2022-04-20,M,9,109928.17283950618,10
MANIPUR,2022-04-21,M,9,73933.72839506168,10
MANIPUR,2022-04-22,M,8,34352.859375,10
MANIPUR,2022-04-23,M,7,39240.20408163263,10
MANIPUR,2022-04-24,XXL,7,137751.06122448982,10
MANIPUR,2022-04-25,XXL,12,105689.85416666663,10
MANIPUR,2022-04-26,XXL,10,79880.7599999999,10
MANIPUR,2022-04-27,XXL,10,79880.7599999999,10
MANIPUR,2022-04-28,XXL,11,88199.83471074386,10
MANIPUR,2022-04-29,XXL,11,108204.79338842968,10
MANIPUR,2022-04-30,XXL,9,92739.11111111112,10
MANIPUR,2022-05-01,XXL,9,81189.11111111112,10
MANIPUR,2022-05-02,L,9,94542.83950617281,10
MANIPUR,2022-05-03,L,10,85176.29000000004,10
MANIPUR,2022-05-04,XXL,8,81462.359375,10
MANIPUR,2022-05-05,L,9,86852.54320987652,10
MANIPUR,2022-05-06,L,8,89950.4375,10
MANIPUR,2022-05-07,M,7,103676.2040816326,10
MANIPUR,2022-05-08,L,7,70784.0,10
MANIPUR,2022-05-09,L,7,76748.20408163255,10
MANIPUR,2022-05-10,M,8,56607.859375,10
MANIPUR,2022-05-11,M,7,4735.959183673491,10
MANIPUR,2022-05-12,M,9,30444.666666666686,10
MANIPUR,2022-05-13,XXL,10,81499.75999999995,10
MANIPUR,2022-05-14,XXL,11,88516.87603305792,10
MANIPUR,2022-05-15,M,9,30517.358024691348,10
MANIPUR,2022-05-16,M,9,30517.358024691348,10
MANIPUR,2022-05-17,M,9,27334.691358024662,10
MANIPUR,2022-05-18,M,12,21930.020833333314,10
MANIPUR,2022-05-19,M,12,21930.020833333314,10
MANIPUR,2022-05-20,M,9,28853.061728395114,10
MANIPUR,2022-05-21,M,8,32440.1875,10
MANIPUR,2022-05-22,M,7,3312.6938775510644,10
MANIPUR,2022-05-23,XL,13,34803.6213017751,10
MANIPUR,2022-05-24,XL,13,34803.6213017751,10
MANIPUR,2022-05-25,XL,13,34803.6213017751,10
MANIPUR,2022-05-26,XL,13,34803.6213017751,10
MANIPUR,2022-05-27,XL,12,35489.55555555562,10
MANIPUR,2022-05-28,XL,12,35489.55555555562,10
MANIPUR,2022-05-29,XL,12,35489.55555555562,10
MANIPUR,2022-05-30,XL,12,41041.90972222219,10
MANIPUR,2022-05-31,XL,11,18732.909090909117,10
MANIPUR,2022-06-01,XL,11,18732.909090909117,10
MANIPUR,2022-06-02,M,7,99582.40816326527,10
MANIPUR,2022-06-03,XXL,7,93344.81632653071,10
MANIPUR,2022-06-04,XXL,7,93344.81632653071,10
MANIPUR,2022-06-05,XXL,5,91475.84000000003,10
MANIPUR,2022-06-06,XXL,5,91475.84000000003,10
MANIPUR,2022-06-07,XXL,5,93776.95999999996,10
MANIPUR,2022-06-08,XXL,5,93776.95999999996,10
MANIPUR,2022-06-09,XXL,6,78555.47222222225,10
MANIPUR,2022-06-10,M,6,249122.8055555555,10
MANIPUR,2022-06-11,M,7,119448.0,10
MANIPUR,2022-06-12,M,7,111221.38775510201,10
MANIPUR,2022-06-13,M,9,111975.95061728405,10
MANIPUR,2022-06-14,M,9,111975.95061728405,10
MANIPUR,2022-06-15,M,14,144478.53061224485,10
MANIPUR,2022-06-16,M,14,144478.53061224485,10
MANIPUR,2022-06-17,M,13,122444.02366863907,10
MANIPUR,2022-06-18,M,13,87793.13609467458,10
MANIPUR,2022-06-19,M,12,91770.5555555555,10
MANIPUR,2022-06-20,M,12,91973.22222222219,10
MANIPUR,2022-06-21,M,10,110077.64000000007,10
MANIPUR,2022-06-22,M,10,112059.3600000001,10
MANIPUR,2022-06-23,M,8,43809.859375,10
MANIPUR,2022-06-24,M,9,119498.61728395062,10
MANIPUR,2022-06-25,M,5,93185.59999999998,10
MANIPUR,2022-06-26,M,6,124215.91666666663,10
MANIPUR,2022-06-27,M,6,124215.91666666663,10
MANIPUR,2022-06-28,M,5,145857.44000000006,10
MANIPUR,2022-06-29,M,6,157333.66666666663,10
MANIPUR,2022-06-30,M,5,187025.35999999987,10
MANIPUR,2022-07-01,M,5,187025.35999999987,10
MANIPUR,2022-07-02,S,4,28704.25,10
MANIPUR,2022-07-03,S,4,28704.25,10
MANIPUR,2022-07-04,S,3,14453.55555555562,10
MANIPUR,2022-07-05,S,3,14453.55555555562,10
MANIPUR,2022-07-06,S,2,17424.0,10
MANIPUR,2022-07-07,S,2,17424.0,10
MANIPUR,2022-07-08,M,1,0.0,10
MEGHALAYA,2022-04-02,3XL,1,0.0,10
MEGHALAYA,2022-04-03,S,3,123774.0,10
MEGHALAYA,2022-04-04,S,4,98313.1875,10
MEGHALAYA,2022-04-05,S,5,81282.23999999993,10
MEGHALAYA,2022-04-06,S,5,81282.23999999993,10
MEGHALAYA,2022-04-07,S,5,81282.23999999993,10
MEGHALAYA,2022-04-08,S,6,70843.55555555562,10
MEGHALAYA,2022-04-09,S,7,61158.9795918368,10
MEGHALAYA,2022-04-10,S,8,63967.0,10
MEGHALAYA,2022-04-11,S,8,63967.0,10
MEGHALAYA,2022-04-12,S,7,7168.775510204083,10
MEGHALAYA,2022-04-13,S,5,9132.160000000033,10
MEGHALAYA,2022-04-14,S,4,10510.6875,10
MEGHALAYA,2022-04-15,M,6,134839.58333333337,10
MEGHALAYA,2022-04-16,M,7,126372.97959183669,10
MEGHALAYA,2022-04-17,M,7,126372.97959183669,10
MEGHALAYA,2022-04-18,M,6,147348.22222222213,10
MEGHALAYA,2022-04-19,M,6,147348.22222222213,10
MEGHALAYA,2022-04-20,M,10,108239.15999999997,10
MEGHALAYA,2022-04-21,M,10,109802.03999999998,10
MEGHALAYA,2022-04-22,M,10,109802.03999999998,10
MEGHALAYA,2022-04-23,M,9,28471.87654320986,10
MEGHALAYA,2022-04-24,M,10,26202.290000000037,10
MEGHALAYA,2022-04-25,M,8,16091.6875,10
MEGHALAYA,2022-04-26,M,6,20024.22222222219,10
MEGHALAYA,2022-04-27,M,7,17864.693877551064,10
MEGHALAYA,2022-04-28,S,9,32870.17283950606,10
MEGHALAYA,2022-04-29,S,9,32870.17283950606,10
MEGHALAYA,2022-04-30,S,9,32870.17283950606,10
MEGHALAYA,2022-05-01,S,8,62218.234375,10
MEGHALAYA,2022-05-02,S,6,68672.55555555562,10
MEGHALAYA,2022-05-03,S,6,77629.91666666663,10
MEGHALAYA,2022-05-04,S,7,92959.55102040817,10
MEGHALAYA,2022-05-05,S,8,93919.6875,10
MEGHALAYA,2022-05-06,S,9,97206.88888888888,10
MEGHALAYA,2022-05-07,S,8,111831.1875,10
MEGHALAYA,2022-05-08,S,6,116196.66666666669,10
MEGHALAYA,2022-05-09,S,7,110617.55102040817,10
MEGHALAYA,2022-05-10,S,7,110617.55102040817,10
MEGHALAYA,2022-05-11,S,6,117652.91666666669,10
MEGHALAYA,2022-05-12,S,6,117652.91666666669,10
MEGHALAYA,2022-05-13,S,6,72909.80555555562,10
MEGHALAYA,2022-05-14,S,5,82007.44,10
MEGHALAYA,2022-05-15,S,4,97827.5,10
MEGHALAYA,2022-05-16,S,4,84145.6875,10
MEGHALAYA,2022-05-17,M,3,8324.666666666686,10
MEGHALAYA,2022-05-18,M,4,8118.5,10
MEGHALAYA,2022-05-19,M,4,8118.5,10
MEGHALAYA,2022-05-20,M,4,8118.5,10
MEGHALAYA,2022-05-21,M,4,8118.5,10
MEGHALAYA,2022-05-22,S,4,15653.6875,10
MEGHALAYA,2022-05-23,M,5,34791.59999999998,10
MEGHALAYA,2022-05-24,M,5,34791.59999999998,10
MEGHALAYA,2022-05-25,S,5,31055.03999999998,10
MEGHALAYA,2022-05-26,M,4,23164.1875,10
MEGHALAYA,2022-05-27,S,5,31421.20000000001,10
MEGHALAYA,2022-05-28,XS,6,38873.0,10
MEGHALAYA,2022-05-29,XS,6,38873.0,10
MEGHALAYA,2022-05-30,S,5,31421.20000000001,10
MEGHALAYA,2022-05-31,S,5,25740.560000000056,10
MEGHALAYA,2022-06-01,S,6,27072.888888888818,10
MEGHALAYA,2022-06-02,S,5,31942.160000000033,10
MEGHALAYA,2022-06-03,S,6,37726.22222222225,10
MEGHALAYA,2022-06-04,S,5,31942.160000000033,10
MEGHALAYA,2022-06-05,S,5,31942.160000000033,10
MEGHALAYA,2022-06-06,S,4,38734.1875,10
MEGHALAYA,2022-06-07,S,6,27511.25,10
MEGHALAYA,2022-06-08,S,6,27511.25,10
MEGHALAYA,2022-06-09,S,5,32775.360000000044,10
MEGHALAYA,2022-06-10,M,4,7701.6875,10
MEGHALAYA,2022-06-11,M,4,7701.6875,10
MEGHALAYA,2022-06-12,S,5,89859.03999999998,10
MEGHALAYA,2022-06-13,M,4,7701.6875,10
MEGHALAYA,2022-06-14,M,6,21521.888888888934,10
MEGHALAYA,2022-06-15,M,6,21521.888888888934,10
MEGHALAYA,2022-06-16,M,6,21521.888888888934,10
MEGHALAYA,2022-06-17,XS,7,84030.24489795923,10
MEGHALAYA,2022-06-18,M,6,26606.333333333314,10
MEGHALAYA,2022-06-19,XS,7,77572.69387755106,10
MEGHALAYA,2022-06-20,XS,7,77572.69387755106,10
MEGHALAYA,2022-06-21,XS,7,77572.69387755106,10
MEGHALAYA,2022-06-22,XS,7,77572.69387755106,10
MEGHALAYA,2022-06-23,XS,7,77572.69387755106,10
MEGHALAYA,2022-06-24,XS,5,10891.359999999986,10
MEGHALAYA,2022-06-25,XS,5,10891.359999999986,10
MEGHALAYA,2022-06-26,XS,5,10668.799999999988,10
MEGHALAYA,2022-06-27,XL,4,164194.25,10
MEGHALAYA,2022-06-28,XL,4,164194.25,10
MEGHALAYA,2022-06-29,XL,4,164194.25,10
MEGHALAYA,2022-06-30,XL,4,164194.25,10
MEGHALAYA,2022-07-01,XL,3,213.55555555553292,10
MEGHALAYA,2022-07-02,XL,3,213.55555555553292,10
MEGHALAYA,2022-07-03,XL,3,213.55555555553292,10
MEGHALAYA,2022-07-04,XL,1,0.0,10
MEGHALAYA,2022-07-05,XS,1,0.0,10
MIZORAM,2022-04-03,M,1,0.0,10
MIZORAM,2022-04-04,M,2,22052.25,10
MIZORAM,2022-04-05,M,2,22052.25,10
MIZORAM,2022-04-06,M,2,22052.25,10
MIZORAM,2022-04-07,M,2,22052.25,10
MIZORAM,2022-04-08,M,2,22052.25,10
MIZORAM,2022-04-09,L,2,6320.25,10
MIZORAM,2022-04-10,L,2,6320.25,10
MIZORAM,2022-04-11,L,2,6320.25,10
MIZORAM,2022-04-12,L,2,6320.25,10
MIZORAM,2022-04-13,XXL,2,272.25,10
MIZORAM,2022-04-14,XXL,2,272.25,10
MIZORAM,2022-04-15,XL,2,0.0,10
MIZORAM,2022-04-16,XL,2,0.0,10
MIZORAM,2022-04-17,XL,2,0.0,10
MIZORAM,2022-04-18,XL,2,0.0,10
MIZORAM,2022-04-19,XL,2,0.0,10
MIZORAM,2022-04-20,XL,2,0.0,10
MIZORAM,2022-04-21,XL,2,0.0,10
MIZORAM,2022-04-22,XL,2,0.0,10
MIZORAM,2022-04-23,XL,3,4867.555555555504,10
MIZORAM,2022-04-24,XL,2,5476.0,10
MIZORAM,2022-04-25,L,2,1640.25,10
MIZORAM,2022-04-26,L,2,1640.25,10
MIZORAM,2022-04-27,XS,3,5282.666666666686,10
MIZORAM,2022-04-28,S,3,5600.888888888876,10
MIZORAM,2022-04-29,S,3,5600.888888888876,10
MIZORAM,2022-04-30,S,3,5600.888888888876,10
MIZORAM,2022-05-01,S,3,5600.888888888876,10
MIZORAM,2022-05-02,S,3,5600.888888888876,10
MIZORAM,2022-05-03,S,3,5600.888888888876,10
MIZORAM,2022-05-04,S,3,5600.888888888876,10
MIZORAM,2022-05-05,S,3,5600.888888888876,10
MIZORAM,2022-05-06,S,3,5600.888888888876,10
MIZORAM,2022-05-07,XXL,3,70108.22222222213,10
MIZORAM,2022-05-08,XXL,3,61161.555555555504,10
MIZORAM,2022-05-09,XXL,3,61161.555555555504,10
MIZORAM,2022-05-10,XXL,3,61161.555555555504,10
MIZORAM,2022-05-11,XXL,3,61161.555555555504,10
MIZORAM,2022-05-12,XXL,3,61161.555555555504,10
MIZORAM,2022-05-13,L,3,9014.0,10
MIZORAM,2022-05-14,L,2,650.25,10
MIZORAM,2022-05-15,L,3,12240.222222222248,10
MIZORAM,2022-05-16,L,3,12240.222222222248,10
MIZORAM,2022-05-17,L,3,12240.222222222248,10
MIZORAM,2022-05-18,L,3,12240.222222222248,10
MIZORAM,2022-05-19,XL,4,15577.0,10
MIZORAM,2022-05-20,XL,4,27206.1875,10
MIZORAM,2022-05-21,XL,4,27206.1875,10
MIZORAM,2022-05-22,XL,4,27206.1875,10
MIZORAM,2022-05-23,XL,4,27206.1875,10
MIZORAM,2022-05-24,XL,4,27206.1875,10
MIZORAM,2022-05-25,XL,3,11046.888888888905,10
MIZORAM,2022-05-26,XL,3,11046.888888888905,10
MIZORAM,2022-05-27,M,2,0.0,10
MIZORAM,2022-05-28,M,2,0.0,10
MIZORAM,2022-05-29,M,2,0.0,10
MIZORAM,2022-05-30,M,2,0.0,10
MIZORAM,2022-05-31,3XL,4,2735.25,10
MIZORAM,2022-06-01,3XL,4,2735.25,10
MIZORAM,2022-06-02,3XL,4,2735.25,10
MIZORAM,2022-06-03,3XL,4,2735.25,10
MIZORAM,2022-06-04,3XL,4,2735.25,10
MIZORAM,2022-06-05,3XL,4,2735.25,10
MIZORAM,2022-06-06,3XL,4,2735.25,10
MIZORAM,2022-06-07,3XL,4,2735.25,10
MIZORAM,2022-06-08,3XL,4,2735.25,10
MIZORAM,2022-06-09,3XL,4,2735.25,10
MIZORAM,2022-06-10,L,1,0.0,10
MIZORAM,2022-06-11,XXL,2,6241.0,10
MIZORAM,2022-06-12,XXL,2,6241.0,10
MIZORAM,2022-06-13,XXL,2,6241.0,10
MIZORAM,2022-06-14,XXL,2,6241.0,10
MIZORAM,2022-06-15,XXL,3,4908.222222222248,10
MIZORAM,2022-06-16,XXL,3,4908.222222222248,10
MIZORAM,2022-06-17,XXL,3,4908.222222222248,10
MIZORAM,2022-06-18,XXL,3,4908.222222222248,10
MIZORAM,2022-06-19,XXL,3,4908.222222222248,10
MIZORAM,2022-06-20,XXL,2,110.25,10
MIZORAM,2022-06-21,M,1,0.0,10
MIZORAM,2022-06-22,M,1,0.0,10
MIZORAM,2022-06-23,M,1,0.0,10
MIZORAM,2022-06-24,XXL,2,154056.25,10
MIZORAM,2022-06-25,XXL,2,210222.25,10
MIZORAM,2022-06-26,M,2,17956.0,10
MIZORAM,2022-06-27,M,2,17956.0,10
MIZORAM,2022-06-28,M,2,17956.0,10
MIZORAM,2022-06-29,M,2,17956.0,10
MIZORAM,2022-06-30,M,2,17956.0,10
MIZORAM,2022-07-01,M,2,17956.0,10
MIZORAM,2022-07-02,XXL,2,210222.25,10
MIZORAM,2022-07-03,XXL,2,210222.25,10
MIZORAM,2022-07-04,M,1,0.0,10
MIZORAM,2022-07-05,M,1,0.0,10
Manipur,2022-04-12,L,1,0.0,10
Manipur,2022-04-13,L,1,0.0,10
Manipur,2022-04-14,L,1,0.0,10
Manipur,2022-04-15,L,1,0.0,10
Manipur,2022-04-16,L,1,0.0,10
Manipur,2022-04-17,L,1,0.0,10
Manipur,2022-04-18,L,1,0.0,10
Manipur,2022-04-19,L,1,0.0,10
Manipur,2022-04-20,3XL,1,0.0,10
Manipur,2022-04-21,3XL,1,0.0,10
Manipur,2022-04-22,3XL,1,0.0,10
Manipur,2022-04-23,3XL,1,0.0,10
Manipur,2022-04-24,3XL,1,0.0,10
Manipur,2022-04-25,3XL,1,0.0,10
Manipur,2022-04-26,3XL,1,0.0,10
Manipur,2022-04-27,3XL,1,0.0,10
Manipur,2022-04-28,3XL,1,0.0,10
Manipur,2022-04-29,3XL,1,0.0,10
Manipur,2022-04-30,XL,1,0.0,10
Manipur,2022-05-01,XL,1,0.0,10
Manipur,2022-05-02,XL,1,0.0,10
Manipur,2022-05-03,XL,1,0.0,10
Manipur,2022-05-04,XL,1,0.0,10
Manipur,2022-05-05,XL,1,0.0,10
Manipur,2022-05-06,XL,1,0.0,10
Manipur,2022-05-07,XL,1,0.0,10
Manipur,2022-05-08,XL,1,0.0,10
Manipur,2022-05-09,XL,1,0.0,10
Manipur,2022-06-25,XL,1,0.0,10
Manipur,2022-06-26,XL,1,0.0,10
Manipur,2022-06-27,XL,1,0.0,10
Manipur,2022-06-28,XL,1,0.0,10
Manipur,2022-06-29,XL,1,0.0,10
Manipur,2022-06-30,XL,1,0.0,10
Manipur,2022-07-01,XL,1,0.0,10
Manipur,2022-07-02,XL,1,0.0,10
Manipur,2022-07-03,XL,1,0.0,10
Manipur,2022-07-04,XL,1,0.0,10
Mizoram,2022-06-24,XXL,1,0.0,10
Mizoram,2022-06-25,XXL,1,0.0,10
Mizoram,2022-06-26,XXL,1,0.0,10
Mizoram,2022-06-27,XXL,1,0.0,10
Mizoram,2022-06-28,XXL,1,0.0,10
Mizoram,2022-06-29,XXL,1,0.0,10
Mizoram,2022-06-30,XXL,1,0.0,10
Mizoram,2022-07-01,XXL,1,0.0,10
Mizoram,2022-07-02,XXL,1,0.0,10
Mizoram,2022-07-03,XXL,1,0.0,10
NAGALAND,2022-04-02,S,1,0.0,10
NAGALAND,2022-04-03,L,1,0.0,10
NAGALAND,2022-04-04,L,2,25440.25,10
NAGALAND,2022-04-05,L,3,23649.555555555504,10
NAGALAND,2022-04-06,L,3,23649.555555555504,10
NAGALAND,2022-04-07,L,3,23649.555555555504,10
NAGALAND,2022-04-08,L,3,23649.555555555504,10
NAGALAND,2022-04-09,L,4,20841.25,10
NAGALAND,2022-04-10,L,4,20841.25,10
NAGALAND,2022-04-11,L,6,20815.0,10
NAGALAND,2022-04-12,L,6,20815.0,10
NAGALAND,2022-04-13,L,5,23244.0,10
NAGALAND,2022-04-14,L,4,14339.6875,10
NAGALAND,2022-04-15,L,3,17424.888888888934,10
NAGALAND,2022-04-16,L,4,13927.1875,10
NAGALAND,2022-04-17,L,4,13927.1875,10
NAGALAND,2022-04-18,L,4,13927.1875,10
NAGALAND,2022-04-19,L,3,12969.555555555504,10
NAGALAND,2022-04-20,L,3,12969.555555555504,10
NAGALAND,2022-04-21,XS,2,8649.0,10
NAGALAND,2022-04-22,XXL,3,11084.22222222219,10
NAGALAND,2022-04-23,XXL,3,11084.22222222219,10
NAGALAND,2022-04-24,XXL,3,11084.22222222219,10
NAGALAND,2022-04-25,M,3,1989.555555555562,10
NAGALAND,2022-04-26,M,3,1989.555555555562,10
NAGALAND,2022-04-27,M,3,1989.555555555562,10
NAGALAND,2022-04-28,M,3,1989.555555555562,10
NAGALAND,2022-04-29,M,4,98446.25,10
NAGALAND,2022-04-30,M,4,98446.25,10
NAGALAND,2022-05-01,M,6,76202.91666666663,10
NAGALAND,2022-05-02,M,6,76202.91666666663,10
NAGALAND,2022-05-03,M,5,81010.15999999992,10
NAGALAND,2022-05-04,M,5,81010.15999999992,10
NAGALAND,2022-05-05,M,5,90068.56000000006,10
NAGALAND,2022-05-06,M,5,90068.56000000006,10
NAGALAND,2022-05-07,M,5,90068.56000000006,10
NAGALAND,2022-05-08,XXL,5,52382.55999999994,10
NAGALAND,2022-05-09,XXL,6,57363.47222222219,10
NAGALAND,2022-05-10,XXL,7,248276.85714285704,10
NAGALAND,2022-05-11,XXL,9,198731.7283950618,10
NAGALAND,2022-05-12,XXL,10,183753.89000000013,10
NAGALAND,2022-05-13,XXL,10,183753.89000000013,10
NAGALAND,2022-05-14,XXL,10,207540.29000000004,10
NAGALAND,2022-05-15,XXL,9,230522.54320987652,10
NAGALAND,2022-05-16,XXL,9,230522.54320987652,10
NAGALAND,2022-05-17,XXL,10,198055.41000000003,10
NAGALAND,2022-05-18,L,8,172294.109375,10
NAGALAND,2022-05-19,L,8,172294.109375,10
NAGALAND,2022-05-20,XXL,6,36124.805555555504,10
NAGALAND,2022-05-21,L,7,127459.95918367349,10
NAGALAND,2022-05-22,L,7,127459.95918367349,10
NAGALAND,2022-05-23,XL,7,62924.20408163278,10
NAGALAND,2022-05-24,XL,7,62924.20408163278,10
NAGALAND,2022-05-25,XL,6,46109.47222222225,10
NAGALAND,2022-05-26,XL,5,54652.96000000008,10
NAGALAND,2022-05-27,XXL,2,0.0,10
NAGALAND,2022-05-28,XXL,2,0.0,10
NAGALAND,2022-05-29,XXL,2,0.0,10
NAGALAND,2022-05-30,M,3,95258.0,10
NAGALAND,2022-05-31,XL,3,90874.88888888899,10
NAGALAND,2022-06-01,XL,4,68286.1875,10
NAGALAND,2022-06-02,M,4,71673.1875,10
NAGALAND,2022-06-03,M,4,71673.1875,10
NAGALAND,2022-06-04,M,3,35294.0,10
NAGALAND,2022-06-05,XL,3,34322.0,10
NAGALAND,2022-06-06,M,5,55794.96000000008,10
NAGALAND,2022-06-07,M,5,30044.159999999916,10
NAGALAND,2022-06-08,M,5,30044.159999999916,10
NAGALAND,2022-06-09,XL,5,33331.83999999997,10
NAGALAND,2022-06-10,M,4,36637.1875,10
NAGALAND,2022-06-11,L,3,19433.555555555504,10
NAGALAND,2022-06-12,L,3,19433.555555555504,10
NAGALAND,2022-06-13,XL,4,35406.6875,10
NAGALAND,2022-06-14,XL,4,35406.6875,10
NAGALAND,2022-06-15,L,4,27808.6875,10
NAGALAND,2022-06-16,L,5,28599.03999999998,10
NAGALAND,2022-06-17,L,8,27384.359375,10
NAGALAND,2022-06-18,L,8,27384.359375,10
NAGALAND,2022-06-19,XXL,8,188340.484375,10
NAGALAND,2022-06-20,XXL,9,168850.8395061727,10
NAGALAND,2022-06-21,XXL,10,153624.95999999996,10
NAGALAND,2022-06-22,XXL,11,199341.70247933886,10
NAGALAND,2022-06-23,XXL,12,189671.72222222225,10
NAGALAND,2022-06-24,XXL,13,155262.54437869822,10
NAGALAND,2022-06-25,XXL,11,115250.44628099177,10
NAGALAND,2022-06-26,XXL,11,115250.44628099177,10
NAGALAND,2022-06-27,XXL,7,144621.55102040828,10
NAGALAND,2022-06-28,XXL,6,117724.25,10
NAGALAND,2022-06-29,XXL,6,117724.25,10
NAGALAND,2022-06-30,XXL,5,140966.6399999999,10
NAGALAND,2022-07-01,XXL,4,150718.5,10
NAGALAND,2022-07-02,XXL,3,32858.0,10
NAGALAND,2022-07-03,XXL,2,900.0,10
NAGALAND,2022-07-04,3XL,1,0.0,10
NAGALAND,2022-07-05,3XL,1,0.0,10
NAGALAND,2022-07-06,3XL,1,0.0,10
NAGALAND,2022-07-07,3XL,1,0.0,10
NL,2022-04-29,M,1,0.0,10
NL,2022-04-30,M,1,0.0,10
NL,2022-05-01,M,1,0.0,10
NL,2022-05-02,M,1,0.0,10
NL,2022-05-03,M,1,0.0,10
NL,2022-05-04,M,1,0.0,10
NL,2022-05-05,M,1,0.0,10
NL,2022-05-06,M,1,0.0,10
NL,2022-05-07,M,1,0.0,10
NL,2022-05-08,M,1,0.0,10
NL,2022-06-27,M,1,0.0,10
NL,2022-06-28,M,1,0.0,10
NL,2022-06-29,M,1,0.0,10
NL,2022-06-30,M,1,0.0,10
NL,2022-07-01,M,1,0.0,10
NL,2022-07-02,M,1,0.0,10
NL,2022-07-03,M,1,0.0,10
NL,2022-07-04,M,1,0.0,10
NL,2022-07-05,M,1,0.0,10
NL,2022-07-06,M,1,0.0,10
Nagaland,2022-05-09,XS,1,0.0,10
Nagaland,2022-05-10,XS,1,0.0,10
Nagaland,2022-05-11,XS,1,0.0,10
Nagaland,2022-05-12,XS,1,0.0,10
Nagaland,2022-05-13,XS,1,0.0,10
Nagaland,2022-05-14,XS,1,0.0,10
Nagaland,2022-05-15,XS,1,0.0,10
Nagaland,2022-05-16,XS,1,0.0,10
Nagaland,2022-05-17,XS,1,0.0,10
Nagaland,2022-05-18,XS,1,0.0,10
New Delhi,2022-04-03,L,1,0.0,10
New Delhi,2022-04-04,XXL,2,4624.0,10
New Delhi,2022-04-05,XXL,2,4624.0,10
New Delhi,2022-04-06,XXL,3,19644.666666666686,10
New Delhi,2022-04-07,XXL,4,15202.25,10
New Delhi,2022-04-08,XXL,4,15202.25,10
New Delhi,2022-04-09,XXL,4,15202.25,10
New Delhi,2022-04-10,XXL,4,15202.25,10
New Delhi,2022-04-11,XXL,4,15202.25,10
New Delhi,2022-04-12,XXL,4,15202.25,10
New Delhi,2022-04-13,XXL,4,15202.25,10
New Delhi,2022-04-14,L,3,36488.666666666744,10
New Delhi,2022-04-15,L,3,36488.666666666744,10
New Delhi,2022-04-16,XS,2,1056.25,10
New Delhi,2022-04-17,XS,2,1056.25,10
New Delhi,2022-04-18,XS,2,1056.25,10
New Delhi,2022-04-19,XL,3,85998.22222222236,10
New Delhi,2022-04-20,XL,3,85998.22222222236,10
New Delhi,2022-04-21,XL,3,85998.22222222236,10
New Delhi,2022-04-22,XL,3,85998.22222222236,10
New Delhi,2022-04-23,XL,3,85998.22222222236,10
New Delhi,2022-04-24,XL,3,85998.22222222236,10
New Delhi,2022-04-25,M,3,91054.88888888899,10
New Delhi,2022-04-26,M,4,69635.25,10
New Delhi,2022-04-27,M,4,69635.25,10
New Delhi,2022-04-28,M,5,117311.43999999994,10
New Delhi,2022-04-29,M,5,117311.43999999994,10
New Delhi,2022-04-30,M,5,117311.43999999994,10
New Delhi,2022-05-01,M,4,133300.6875,10
New Delhi,2022-05-02,XS,3,22934.222222222365,10
New Delhi,2022-05-03,XS,5,28210.23999999999,10
New Delhi,2022-05-04,XS,5,28210.23999999999,10
New Delhi,2022-05-05,XS,5,28210.23999999999,10
New Delhi,2022-05-06,S,3,59627.555555555555,10
New Delhi,2022-05-07,S,3,59627.555555555555,10
New Delhi,2022-05-08,S,3,59627.555555555555,10
New Delhi,2022-05-09,S,3,59627.555555555555,10
New Delhi,2022-05-10,S,3,59627.555555555555,10
New Delhi,2022-05-11,S,3,59627.555555555555,10
New Delhi,2022-05-12,S,3,59627.555555555555,10
New Delhi,2022-05-13,S,3,59627.555555555555,10
New Delhi,2022-05-14,3XL,2,729.0,10
New Delhi,2022-05-15,L,2,228006.25,10
New Delhi,2022-05-16,L,2,228006.25,10
New Delhi,2022-05-17,S,2,30.25,10
New Delhi,2022-05-18,S,3,15332.666666666657,10
New Delhi,2022-05-19,S,3,15332.666666666657,10
New Delhi,2022-05-20,S,3,15332.666666666657,10
New Delhi,2022-05-21,S,4,11799.5,10
New Delhi,2022-05-22,S,4,11799.5,10
New Delhi,2022-05-23,S,4,11799.5,10
New Delhi,2022-05-24,S,4,11799.5,10
New Delhi,2022-05-25,S,4,11799.5,10
New Delhi,2022-05-26,XS,3,4.666666666671517,10
New Delhi,2022-05-27,M,4,32145.5,10
New Delhi,2022-05-28,XS,4,604.75,10
New Delhi,2022-05-29,XS,4,604.75,10
New Delhi,2022-05-30,XS,4,604.75,10
New Delhi,2022-05-31,XS,4,604.75,10
New Delhi,2022-06-01,XS,4,604.75,10
New Delhi,2022-06-02,XS,4,604.75,10
New Delhi,2022-06-03,XS,4,604.75,10
New Delhi,2022-06-04,L,3,20402.666666666628,10
New Delhi,2022-06-05,L,3,20402.666666666628,10
New Delhi,2022-06-06,L,3,20402.666666666628,10
New Delhi,2022-06-07,L,3,20402.666666666628,10
New Delhi,2022-06-08,L,3,20402.666666666628,10
New Delhi,2022-06-09,L,3,20402.666666666628,10
New Delhi,2022-06-10,L,3,20402.666666666628,10
New Delhi,2022-06-11,L,3,20402.666666666628,10
New Delhi,2022-06-12,XXL,3,144.66666666668607,10
New Delhi,2022-06-13,XXL,4,2418.6875,10
New Delhi,2022-06-14,XXL,2,4032.25,10
New Delhi,2022-06-15,XXL,2,4032.25,10
New Delhi,2022-06-16,XXL,2,4032.25,10
New Delhi,2022-06-17,XXL,2,4032.25,10
New Delhi,2022-06-18,XXL,2,4032.25,10
New Delhi,2022-06-19,XXL,2,4032.25,10
New Delhi,2022-06-20,XXL,2,4032.25,10
New Delhi,2022-06-21,XXL,2,4032.25,10
New Delhi,2022-06-22,3XL,1,0.0,10
New Delhi,2022-06-23,3XL,1,0.0,10
New Delhi,2022-06-24,3XL,1,0.0,10
New Delhi,2022-06-25,3XL,1,0.0,10
New Delhi,2022-06-26,3XL,1,0.0,10
New Delhi,2022-06-27,3XL,1,0.0,10
New Delhi,2022-06-28,3XL,1,0.0,10
New Delhi,2022-06-29,3XL,1,0.0,10
New Delhi,2022-06-30,3XL,1,0.0,10
ODISHA,2022-04-01,XS,3,12566.222222222306,10
ODISHA,2022-04-02,S,8,64961.1875,10
ODISHA,2022-04-03,L,15,86682.22222222219,10
ODISHA,2022-04-04,L,18,88440.54320987652,10
ODISHA,2022-04-05,L,19,83970.63711911353,10
ODISHA,2022-04-06,L,23,84570.89603024564,10
ODISHA,2022-04-07,L,26,78357.89940828411,10
ODISHA,2022-04-08,L,32,67559.7333984375,10
ODISHA,2022-04-09,L,34,80958.07266435988,10
ODISHA,2022-04-10,L,40,82143.07437499997,10
ODISHA,2022-04-11,L,43,86579.82044348301,10
ODISHA,2022-04-12,L,46,78863.775047259,10
ODISHA,2022-04-13,XL,45,69500.08691358025,10
ODISHA,2022-04-14,L,46,73222.61105860112,10
ODISHA,2022-04-15,L,48,83465.95659722213,10
ODISHA,2022-04-16,L,46,80989.33648393193,10
ODISHA,2022-04-17,L,44,83751.70816115709,10
ODISHA,2022-04-18,L,45,86785.27209876536,10
ODISHA,2022-04-19,L,47,84209.74196468992,10
ODISHA,2022-04-20,L,44,99049.93181818177,10
ODISHA,2022-04-21,L,45,91102.43950617278,10
ODISHA,2022-04-22,M,42,49989.64229024935,10
ODISHA,2022-04-23,M,46,59228.37287334597,10
ODISHA,2022-04-24,M,48,58730.817708333314,10
ODISHA,2022-04-25,M,48,59578.748263888934,10
ODISHA,2022-04-26,M,53,72908.43004627974,10
ODISHA,2022-04-27,M,57,75253.39489073557,10
ODISHA,2022-04-28,M,54,71292.4101508917,10
ODISHA,2022-04-29,M,53,70750.0477038091,10
ODISHA,2022-04-30,M,53,77823.50800996792,10
ODISHA,2022-05-01,M,52,79822.86501479289,10
ODISHA,2022-05-02,M,46,84353.38374291116,10
ODISHA,2022-05-03,M,46,82417.88279773155,10
ODISHA,2022-05-04,M,48,82591.4149305555,10
ODISHA,2022-05-05,M,47,82886.44273426884,10
ODISHA,2022-05-06,M,41,70892.14515169535,10
ODISHA,2022-05-07,XL,44,178115.31559917354,10
ODISHA,2022-05-08,XL,44,175082.57179752074,10
ODISHA,2022-05-09,XL,43,177297.9967550027,10
ODISHA,2022-05-10,L,42,83506.57823129254,10
ODISHA,2022-05-11,L,43,89188.12006489985,10
ODISHA,2022-05-12,L,40,105306.29749999999,10
ODISHA,2022-05-13,L,37,114179.92549306067,10
ODISHA,2022-05-14,L,35,116194.32979591831,10
ODISHA,2022-05-15,L,36,124956.91358024697,10
ODISHA,2022-05-16,L,33,147926.6134067953,10
ODISHA,2022-05-17,L,30,133998.73888888885,10
ODISHA,2022-05-18,L,30,133794.44555555563,10
ODISHA,2022-05-19,L,27,136087.8518518518,10
ODISHA,2022-05-20,L,27,123544.48834019201,10
ODISHA,2022-05-21,L,26,117653.17899408285,10
ODISHA,2022-05-22,L,27,98612.33196159126,10
ODISHA,2022-05-23,L,27,103870.09876543214,10
ODISHA,2022-05-24,XL,26,50275.19082840235,10
ODISHA,2022-05-25,XL,31,47371.467221644125,10
ODISHA,2022-05-26,XL,29,48084.370986920374,10
ODISHA,2022-05-27,XL,28,46947.40178571426,10
ODISHA,2022-05-28,XL,29,73074.93935790722,10
ODISHA,2022-05-29,XL,28,77078.01530612243,10
ODISHA,2022-05-30,M,28,46057.75,10
ODISHA,2022-05-31,M,28,45088.67729591846,10
ODISHA,2022-06-01,M,27,74656.46364883403,10
ODISHA,2022-06-02,M,27,79273.74759945134,10
ODISHA,2022-06-03,M,29,78925.01070154586,10
ODISHA,2022-06-04,M,31,87242.69302809576,10
ODISHA,2022-06-05,M,34,76354.14619377162,10
ODISHA,2022-06-06,M,32,76545.796875,10
ODISHA,2022-06-07,M,35,58005.653877551085,10
ODISHA,2022-06-08,M,42,56087.70521541941,10
ODISHA,2022-06-09,M,47,64290.33770937077,10
ODISHA,2022-06-10,M,54,64082.50377229077,10
ODISHA,2022-06-11,M,55,55835.3699173553,10
ODISHA,2022-06-12,M,59,52108.070669347886,10
ODISHA,2022-06-13,M,58,51271.88971462537,10
ODISHA,2022-06-14,M,59,51375.905199655215,10
ODISHA,2022-06-15,M,59,53567.19793162879,10
ODISHA,2022-06-16,M,57,57712.97383810411,10
ODISHA,2022-06-17,M,50,70650.50440000003,10
ODISHA,2022-06-18,M,42,75114.0119047619,10
ODISHA,2022-06-19,M,39,70174.49835634459,10
ODISHA,2022-06-20,M,34,80456.13927335641,10
ODISHA,2022-06-21,M,35,80663.9297959184,10
ODISHA,2022-06-22,M,34,87985.7058823529,10
ODISHA,2022-06-23,M,34,83237.20761245675,10
ODISHA,2022-06-24,XL,35,121943.54775510199,10
ODISHA,2022-06-25,XL,33,140049.46005509637,10
ODISHA,2022-06-26,XL,36,146653.63811728393,10
ODISHA,2022-06-27,XL,39,120348.85733070353,10
ODISHA,2022-06-28,XL,42,112623.97562358272,10
ODISHA,2022-06-29,XL,37,112578.04674945219,10
ODISHA,2022-06-30,XL,36,112739.6319444445,10
ODISHA,2022-07-01,XL,32,107863.671875,10
ODISHA,2022-07-02,XL,26,101342.76479289948,10
ODISHA,2022-07-03,XL,26,101342.76479289948,10
ODISHA,2022-07-04,XL,18,88718.34876543208,10
ODISHA,2022-07-05,XL,16,64406.80859375,10
ODISHA,2022-07-06,XL,10,18003.0,10
ODISHA,2022-07-07,L,6,35330.58333333337,10
ODISHA,2022-07-08,L,4,39481.6875,10
ODISHA,2022-07-09,M,1,0.0,10
Odisha,2022-04-03,S,1,0.0,10
Odisha,2022-04-04,S,1,0.0,10
Odisha,2022-04-05,S,1,0.0,10
Odisha,2022-04-06,S,1,0.0,10
Odisha,2022-04-07,S,1,0.0,10
Odisha,2022-04-08,S,1,0.0,10
Odisha,2022-04-09,S,1,0.0,10
Odisha,2022-04-10,S,1,0.0,10
Odisha,2022-04-11,L,2,34225.0,10
Odisha,2022-04-12,L,2,34225.0,10
Odisha,2022-04-13,L,2,34225.0,10
Odisha,2022-04-14,L,2,34225.0,10
Odisha,2022-04-15,L,2,34225.0,10
Odisha,2022-04-16,L,2,34225.0,10
Odisha,2022-04-17,L,2,34225.0,10
Odisha,2022-04-18,L,2,34225.0,10
Odisha,2022-04-19,L,2,34225.0,10
Odisha,2022-04-20,L,2,34225.0,10
Odisha,2022-04-21,XXL,1,0.0,10
Odisha,2022-04-22,S,1,0.0,10
Odisha,2022-04-23,S,1,0.0,10
Odisha,2022-04-24,S,1,0.0,10
Odisha,2022-04-25,S,1,0.0,10
Odisha,2022-04-26,S,1,0.0,10
Odisha,2022-04-27,S,1,0.0,10
Odisha,2022-04-28,S,1,0.0,10
Odisha,2022-04-29,S,1,0.0,10
Odisha,2022-04-30,3XL,1,0.0,10
Odisha,2022-05-01,3XL,1,0.0,10
Odisha,2022-05-02,3XL,1,0.0,10
Odisha,2022-05-03,3XL,1,0.0,10
Odisha,2022-05-04,3XL,1,0.0,10
Odisha,2022-05-05,3XL,1,0.0,10
Odisha,2022-05-06,3XL,1,0.0,10
Odisha,2022-05-07,3XL,1,0.0,10
Odisha,2022-05-08,3XL,1,0.0,10
Odisha,2022-05-09,3XL,1,0.0,10
Odisha,2022-05-10,S,1,0.0,10
Odisha,2022-05-11,S,1,0.0,10
Odisha,2022-05-12,S,1,0.0,10
Odisha,2022-05-13,S,1,0.0,10
Odisha,2022-05-14,S,1,0.0,10
Odisha,2022-05-15,S,1,0.0,10
Odisha,2022-05-16,S,1,0.0,10
Odisha,2022-05-17,S,1,0.0,10
Odisha,2022-05-18,S,1,0.0,10
Odisha,2022-05-19,S,1,0.0,10
Odisha,2022-05-25,M,1,0.0,10
Odisha,2022-05-26,M,1,0.0,10
Odisha,2022-05-27,M,1,0.0,10
Odisha,2022-05-28,M,1,0.0,10
Odisha,2022-05-29,M,1,0.0,10
Odisha,2022-05-30,M,1,0.0,10
Odisha,2022-05-31,M,2,45156.25,10
Odisha,2022-06-01,M,2,45156.25,10
Odisha,2022-06-02,M,2,45156.25,10
Odisha,2022-06-03,M,2,45156.25,10
Odisha,2022-06-04,M,1,0.0,10
Odisha,2022-06-05,M,1,0.0,10
Odisha,2022-06-06,M,1,0.0,10
Odisha,2022-06-07,M,1,0.0,10
Odisha,2022-06-08,M,1,0.0,10
Odisha,2022-06-09,M,1,0.0,10
Odisha,2022-06-11,M,2,64262.25,10
Odisha,2022-06-12,M,2,64262.25,10
Odisha,2022-06-13,M,2,64262.25,10
Odisha,2022-06-14,M,3,44661.55555555562,10
Odisha,2022-06-15,M,3,44661.55555555562,10
Odisha,2022-06-16,M,3,44661.55555555562,10
Odisha,2022-06-17,M,3,44661.55555555562,10
Odisha,2022-06-18,M,3,44661.55555555562,10
Odisha,2022-06-19,M,3,44661.55555555562,10
Odisha,2022-06-20,M,3,44661.55555555562,10
Odisha,2022-06-21,M,1,0.0,10
Odisha,2022-06-22,M,1,0.0,10
Odisha,2022-06-23,M,1,0.0,10
Odisha,2022-06-24,S,1,0.0,10
Odisha,2022-06-25,S,1,0.0,10
Odisha,2022-06-26,S,1,0.0,10
Odisha,2022-06-27,S,1,0.0,10
Odisha,2022-06-28,S,1,0.0,10
Odisha,2022-06-29,S,1,0.0,10
Odisha,2022-06-30,S,1,0.0,10
Odisha,2022-07-01,S,1,0.0,10
Odisha,2022-07-02,S,1,0.0,10
Orissa,2022-06-09,S,1,0.0,10
Orissa,2022-06-10,S,1,0.0,10
Orissa,2022-06-11,S,1,0.0,10
Orissa,2022-06-12,S,1,0.0,10
Orissa,2022-06-13,S,1,0.0,10
Orissa,2022-06-14,S,1,0.0,10
Orissa,2022-06-15,S,1,0.0,10
Orissa,2022-06-16,S,1,0.0,10
Orissa,2022-06-17,S,1,0.0,10
Orissa,2022-06-18,S,1,0.0,10
Orissa,2022-06-19,XXL,1,0.0,10
Orissa,2022-06-20,XXL,1,0.0,10
Orissa,2022-06-21,XXL,1,0.0,10
Orissa,2022-06-22,XXL,1,0.0,10
PB,2022-04-07,3XL,1,0.0,10
PB,2022-04-08,3XL,1,0.0,10
PB,2022-04-09,3XL,1,0.0,10
PB,2022-04-10,3XL,1,0.0,10
PB,2022-04-11,3XL,1,0.0,10
PB,2022-04-12,3XL,1,0.0,10
PB,2022-04-13,3XL,1,0.0,10
PB,2022-04-14,3XL,1,0.0,10
PB,2022-04-15,3XL,1,0.0,10
PB,2022-04-16,3XL,1,0.0,10
PUDUCHERRY,2022-04-02,L,2,33856.0,10
PUDUCHERRY,2022-04-03,L,3,25458.666666666686,10
PUDUCHERRY,2022-04-04,L,3,25458.666666666686,10
PUDUCHERRY,2022-04-05,L,3,25458.666666666686,10
PUDUCHERRY,2022-04-06,L,3,25458.666666666686,10
PUDUCHERRY,2022-04-07,L,3,25458.666666666686,10
PUDUCHERRY,2022-04-08,L,5,19085.439999999973,10
PUDUCHERRY,2022-04-09,L,8,12214.4375,10
PUDUCHERRY,2022-04-10,L,8,12214.4375,10
PUDUCHERRY,2022-04-11,L,8,12214.4375,10
PUDUCHERRY,2022-04-12,L,6,1218.333333333343,10
PUDUCHERRY,2022-04-13,L,6,18196.583333333314,10
PUDUCHERRY,2022-04-14,L,7,15960.775510204083,10
PUDUCHERRY,2022-04-15,L,9,67750.98765432095,10
PUDUCHERRY,2022-04-16,S,10,29692.45000000001,10
PUDUCHERRY,2022-04-17,S,9,27043.43209876545,10
PUDUCHERRY,2022-04-18,S,10,24590.840000000026,10
PUDUCHERRY,2022-04-19,S,10,42966.65000000002,10
PUDUCHERRY,2022-04-20,S,10,42966.65000000002,10
PUDUCHERRY,2022-04-21,S,12,37092.72222222225,10
PUDUCHERRY,2022-04-22,S,11,36934.694214875984,10
PUDUCHERRY,2022-04-23,S,11,36934.694214875984,10
PUDUCHERRY,2022-04-24,S,11,36934.694214875984,10
PUDUCHERRY,2022-04-25,L,7,4712.816326530592,10
PUDUCHERRY,2022-04-26,L,7,4712.816326530592,10
PUDUCHERRY,2022-04-27,XXL,8,25991.75,10
PUDUCHERRY,2022-04-28,XXL,9,23121.777777777752,10
PUDUCHERRY,2022-04-29,XL,10,68715.44,10
PUDUCHERRY,2022-04-30,XL,10,68715.44,10
PUDUCHERRY,2022-05-01,XXL,8,33046.609375,10
PUDUCHERRY,2022-05-02,XL,10,65460.65000000002,10
PUDUCHERRY,2022-05-03,XL,10,65460.65000000002,10
PUDUCHERRY,2022-05-04,XL,11,23124.694214876014,10
PUDUCHERRY,2022-05-05,XL,12,35375.74305555556,10
PUDUCHERRY,2022-05-06,XL,11,32255.23966942157,10
PUDUCHERRY,2022-05-07,XL,10,28615.75999999995,10
PUDUCHERRY,2022-05-08,XL,10,28615.75999999995,10
PUDUCHERRY,2022-05-09,XXL,7,51589.42857142852,10
PUDUCHERRY,2022-05-10,XXL,7,57155.10204081633,10
PUDUCHERRY,2022-05-11,S,7,39650.122448979586,10
PUDUCHERRY,2022-05-12,M,7,29088.4897959184,10
PUDUCHERRY,2022-05-13,M,8,32056.0,10
PUDUCHERRY,2022-05-14,S,9,31032.17283950618,10
PUDUCHERRY,2022-05-15,S,9,31032.17283950618,10
PUDUCHERRY,2022-05-16,S,10,35987.01000000001,10
PUDUCHERRY,2022-05-17,S,10,44820.76000000001,10
PUDUCHERRY,2022-05-18,S,10,54895.0,10
PUDUCHERRY,2022-05-19,S,9,31110.00000000006,10
PUDUCHERRY,2022-05-20,S,9,31110.00000000006,10
PUDUCHERRY,2022-05-21,M,8,62346.859375,10
PUDUCHERRY,2022-05-22,S,7,37985.67346938781,10
PUDUCHERRY,2022-05-23,L,6,20066.583333333314,10
PUDUCHERRY,2022-05-24,M,7,53526.9795918368,10
PUDUCHERRY,2022-05-25,M,7,53526.9795918368,10
PUDUCHERRY,2022-05-26,M,9,72323.7777777777,10
PUDUCHERRY,2022-05-27,M,9,72323.7777777777,10
PUDUCHERRY,2022-05-28,M,9,72323.7777777777,10
PUDUCHERRY,2022-05-29,M,6,22079.55555555562,10
PUDUCHERRY,2022-05-30,L,6,25058.138888888818,10
PUDUCHERRY,2022-05-31,L,5,18456.79999999999,10
PUDUCHERRY,2022-06-01,L,5,18456.79999999999,10
PUDUCHERRY,2022-06-02,L,4,18932.6875,10
PUDUCHERRY,2022-06-03,M,6,57763.472222222365,10
PUDUCHERRY,2022-06-04,M,7,55830.48979591846,10
PUDUCHERRY,2022-06-05,M,7,41939.06122448988,10
PUDUCHERRY,2022-06-06,M,7,41939.06122448988,10
PUDUCHERRY,2022-06-07,M,8,37596.734375,10
PUDUCHERRY,2022-06-08,M,8,37596.734375,10
PUDUCHERRY,2022-06-09,M,9,39561.33333333337,10
PUDUCHERRY,2022-06-10,M,9,39561.33333333337,10
PUDUCHERRY,2022-06-11,M,9,39561.33333333337,10
PUDUCHERRY,2022-06-12,M,11,44538.793388429796,10
PUDUCHERRY,2022-06-13,XL,9,47535.1358024691,10
PUDUCHERRY,2022-06-14,XL,8,53443.0,10
PUDUCHERRY,2022-06-15,XL,8,51438.609375,10
PUDUCHERRY,2022-06-16,XL,8,51438.609375,10
PUDUCHERRY,2022-06-17,M,10,140858.56000000006,10
PUDUCHERRY,2022-06-18,M,10,140858.56000000006,10
PUDUCHERRY,2022-06-19,M,9,152991.80246913584,10
PUDUCHERRY,2022-06-20,L,9,116327.2098765432,10
PUDUCHERRY,2022-06-21,L,10,104867.84999999998,10
PUDUCHERRY,2022-06-22,L,10,104867.84999999998,10
PUDUCHERRY,2022-06-23,L,8,85328.109375,10
PUDUCHERRY,2022-06-24,L,6,40027.47222222219,10
PUDUCHERRY,2022-06-25,L,6,40027.47222222219,10
PUDUCHERRY,2022-06-26,XXL,7,146601.6734693878,10
PUDUCHERRY,2022-06-27,XL,5,12346.0,10
PUDUCHERRY,2022-06-28,XL,5,12346.0,10
PUDUCHERRY,2022-06-29,XL,5,124627.7599999999,10
PUDUCHERRY,2022-06-30,XL,4,110135.6875,10
PUDUCHERRY,2022-07-01,XL,4,110135.6875,10
PUDUCHERRY,2022-07-02,XL,3,67417.5555555555,10
PUDUCHERRY,2022-07-03,XL,3,67417.5555555555,10
PUDUCHERRY,2022-07-04,XL,3,67417.5555555555,10
PUDUCHERRY,2022-07-05,XL,3,67417.5555555555,10
PUDUCHERRY,2022-07-06,XL,3,67417.5555555555,10
PUDUCHERRY,2022-07-07,XL,2,34225.0,10
PUDUCHERRY,2022-07-08,XL,2,34225.0,10
PUDUCHERRY,2022-07-09,M,1,0.0,10
PUNJAB,2022-04-02,L,3,79802.0,10
PUNJAB,2022-04-03,XXL,7,20485.71428571429,10
PUNJAB,2022-04-04,L,13,119799.56213017757,10
PUNJAB,2022-04-05,L,18,153350.20987654314,10
PUNJAB,2022-04-06,L,23,143567.53119092633,10
PUNJAB,2022-04-07,L,26,130609.75147928996,10
PUNJAB,2022-04-08,L,32,109889.83984375,10
PUNJAB,2022-04-09,L,35,105860.99918367353,10
PUNJAB,2022-04-10,L,37,100938.46749452146,10
PUNJAB,2022-04-11,L,41,102559.82391433662,10
PUNJAB,2022-04-12,L,43,92044.40562466189,10
PUNJAB,2022-04-13,L,40,85913.24937500001,10
PUNJAB,2022-04-14,L,38,82383.07479224377,10
PUNJAB,2022-04-15,L,37,58972.29510591674,10
PUNJAB,2022-04-16,L,39,48382.510190664034,10
PUNJAB,2022-04-17,L,38,47748.6544321329,10
PUNJAB,2022-04-18,L,38,55023.60110803321,10
PUNJAB,2022-04-19,XL,46,62386.54678638943,10
PUNJAB,2022-04-20,XL,46,63576.52032136102,10
PUNJAB,2022-04-21,XL,47,54177.446808510635,10
PUNJAB,2022-04-22,XL,44,73306.5041322314,10
PUNJAB,2022-04-23,XL,47,73248.73698506114,10
PUNJAB,2022-04-24,XL,49,71390.69054560602,10
PUNJAB,2022-04-25,XL,55,69115.5788429752,10
PUNJAB,2022-04-26,XL,53,71672.05909576366,10
PUNJAB,2022-04-27,XL,54,70111.90432098764,10
PUNJAB,2022-04-28,XL,49,75097.75926697208,10
PUNJAB,2022-04-29,XXL,38,93514.44875346264,10
PUNJAB,2022-04-30,XL,38,61028.565096952836,10
PUNJAB,2022-05-01,XL,36,62341.50848765427,10
PUNJAB,2022-05-02,XL,42,65728.3718820861,10
PUNJAB,2022-05-03,XL,38,69156.55193905812,10
PUNJAB,2022-05-04,L,40,74277.84750000009,10
PUNJAB,2022-05-05,L,40,73827.44750000007,10
PUNJAB,2022-05-06,XL,42,95287.64625850337,10
PUNJAB,2022-05-07,L,43,70127.93185505673,10
PUNJAB,2022-05-08,L,39,53126.806048652215,10
PUNJAB,2022-05-09,L,37,51510.42512783053,10
PUNJAB,2022-05-10,L,38,55697.468836565095,10
PUNJAB,2022-05-11,3XL,39,67841.53057199204,10
PUNJAB,2022-05-12,3XL,36,71698.98996913584,10
PUNJAB,2022-05-13,3XL,38,74040.47922437667,10
PUNJAB,2022-05-14,3XL,34,72386.64013840834,10
PUNJAB,2022-05-15,3XL,32,62304.9990234375,10
PUNJAB,2022-05-16,3XL,38,62213.19667590037,10
PUNJAB,2022-05-17,3XL,37,60163.6844411979,10
PUNJAB,2022-05-18,3XL,34,79380.52595155721,10
PUNJAB,2022-05-19,3XL,35,78114.23346938775,10
PUNJAB,2022-05-20,L,29,87527.09631391196,10
PUNJAB,2022-05-21,3XL,26,73261.28402366862,10
PUNJAB,2022-05-22,M,28,62041.81632653065,10
PUNJAB,2022-05-23,XL,30,44697.83999999997,10
PUNJAB,2022-05-24,M,29,69501.54340071348,10
PUNJAB,2022-05-25,3XL,31,66551.93132154009,10
PUNJAB,2022-05-26,XL,34,70324.04584775091,10
PUNJAB,2022-05-27,XL,35,66694.1763265307,10
PUNJAB,2022-05-28,XL,32,66949.55859375,10
PUNJAB,2022-05-29,XXL,29,63918.41854934604,10
PUNJAB,2022-05-30,M,31,84717.66077003122,10
PUNJAB,2022-05-31,XXL,36,53076.58256172831,10
PUNJAB,2022-06-01,XXL,39,48727.04930966464,10
PUNJAB,2022-06-02,XXL,40,48674.199375000026,10
PUNJAB,2022-06-03,XXL,39,48811.934253780346,10
PUNJAB,2022-06-04,XXL,39,40894.54963839584,10
PUNJAB,2022-06-05,XXL,39,50932.51019066409,10
PUNJAB,2022-06-06,XXL,40,54333.03437499999,10
PUNJAB,2022-06-07,XXL,35,55477.03346938768,10
PUNJAB,2022-06-08,L,35,78735.07428571436,10
PUNJAB,2022-06-09,XXL,33,76651.51147842046,10
PUNJAB,2022-06-10,L,32,92429.8974609375,10
PUNJAB,2022-06-11,M,33,108366.9054178145,10
PUNJAB,2022-06-12,L,34,87234.22231833905,10
PUNJAB,2022-06-13,M,39,79156.89940828411,10
PUNJAB,2022-06-14,M,37,58981.376186997804,10
PUNJAB,2022-06-15,M,37,65298.458728999365,10
PUNJAB,2022-06-16,M,38,57221.249307479244,10
PUNJAB,2022-06-17,M,38,58133.84764542937,10
PUNJAB,2022-06-18,M,37,60265.186267348414,10
PUNJAB,2022-06-19,M,36,72478.28626543202,10
PUNJAB,2022-06-20,M,37,69004.45142439741,10
PUNJAB,2022-06-21,M,29,78661.89774078474,10
PUNJAB,2022-06-22,M,29,71055.31510107015,10
PUNJAB,2022-06-23,3XL,25,39701.59360000002,10
PUNJAB,2022-06-24,XXL,27,56349.33333333337,10
PUNJAB,2022-06-25,L,26,100073.11390532542,10
PUNJAB,2022-06-26,L,29,99457.1105826397,10
PUNJAB,2022-06-27,L,29,102691.75980975025,10
PUNJAB,2022-06-28,XXL,27,81033.3854595336,10
PUNJAB,2022-06-29,XXL,28,79328.8826530613,10
PUNJAB,2022-06-30,XXL,24,76451.4149305555,10
PUNJAB,2022-07-01,XXL,22,78725.12603305781,10
PUNJAB,2022-07-02,L,20,72112.61000000004,10
PUNJAB,2022-07-03,L,17,71397.85467128025,10
PUNJAB,2022-07-04,L,13,31981.159763313655,10
PUNJAB,2022-07-05,XXL,10,88481.04000000004,10
PUNJAB,2022-07-06,XXL,7,58903.71428571426,10
PUNJAB,2022-07-07,XL,5,154836.95999999985,10
PUNJAB,2022-07-08,S,4,15854.75,10
PUNJAB,2022-07-09,S,1,0.0,10
Pondicherry,2022-05-24,3XL,1,0.0,10
Pondicherry,2022-05-25,3XL,1,0.0,10
Pondicherry,2022-05-26,3XL,1,0.0,10
Pondicherry,2022-05-27,3XL,1,0.0,10
Pondicherry,2022-05-28,3XL,1,0.0,10
Pondicherry,2022-05-29,3XL,1,0.0,10
Pondicherry,2022-05-30,3XL,1,0.0,10
Pondicherry,2022-05-31,3XL,1,0.0,10
Pondicherry,2022-06-01,3XL,1,0.0,10
Pondicherry,2022-06-02,3XL,1,0.0,10
Puducherry,2022-04-24,S,1,0.0,10
Puducherry,2022-04-25,S,1,0.0,10
Puducherry,2022-04-26,S,1,0.0,10
Puducherry,2022-04-27,S,1,0.0,10
Puducherry,2022-04-28,S,1,0.0,10
Puducherry,2022-04-29,S,1,0.0,10
Puducherry,2022-04-30,S,1,0.0,10
Puducherry,2022-05-01,S,1,0.0,10
Puducherry,2022-05-02,S,1,0.0,10
Puducherry,2022-05-03,S,1,0.0,10
Punjab,2022-04-06,S,1,0.0,10
Punjab,2022-04-07,S,1,0.0,10
Punjab,2022-04-08,3XL,1,0.0,10
Punjab,2022-04-09,3XL,1,0.0,10
Punjab,2022-04-10,3XL,1,0.0,10
Punjab,2022-04-11,M,2,20880.25,10
Punjab,2022-04-12,M,2,20880.25,10
Punjab,2022-04-13,M,2,20880.25,10
Punjab,2022-04-14,M,2,20880.25,10
Punjab,2022-04-15,M,2,20880.25,10
Punjab,2022-04-16,M,2,20880.25,10
Punjab,2022-04-17,M,2,20880.25,10
Punjab,2022-04-18,M,1,0.0,10
Punjab,2022-04-19,M,1,0.0,10
Punjab,2022-04-20,M,1,0.0,10
Punjab,2022-04-23,3XL,1,0.0,10
Punjab,2022-04-24,3XL,1,0.0,10
Punjab,2022-04-25,3XL,1,0.0,10
Punjab,2022-04-26,XS,3,24962.888888888992,10
Punjab,2022-04-27,XS,3,24962.888888888992,10
Punjab,2022-04-28,XS,3,24962.888888888992,10
Punjab,2022-04-29,XS,3,24962.888888888992,10
Punjab,2022-04-30,XS,4,18752.25,10
Punjab,2022-05-01,XS,4,18752.25,10
Punjab,2022-05-02,XS,4,18752.25,10
Punjab,2022-05-03,XS,3,2202.0,10
Punjab,2022-05-04,XS,3,2202.0,10
Punjab,2022-05-05,XS,3,2202.0,10
Punjab,2022-05-06,L,2,23562.25,10
Punjab,2022-05-07,L,2,23562.25,10
Punjab,2022-05-08,L,2,23562.25,10
Punjab,2022-05-09,L,2,23562.25,10
Punjab,2022-05-10,L,2,23562.25,10
Punjab,2022-05-11,L,2,23562.25,10
Punjab,2022-05-12,3XL,2,169.0,10
Punjab,2022-05-13,3XL,2,169.0,10
Punjab,2022-05-14,3XL,2,169.0,10
Punjab,2022-05-15,3XL,2,169.0,10
Punjab,2022-05-16,3XL,2,169.0,10
Punjab,2022-05-17,3XL,2,169.0,10
Punjab,2022-05-18,3XL,2,169.0,10
Punjab,2022-05-19,3XL,1,0.0,10
Punjab,2022-05-20,3XL,1,0.0,10
Punjab,2022-05-21,3XL,1,0.0,10
Punjab,2022-05-22,XL,1,0.0,10
Punjab,2022-05-23,XL,1,0.0,10
Punjab,2022-05-24,XL,1,0.0,10
Punjab,2022-05-25,XL,1,0.0,10
Punjab,2022-05-26,XXL,2,4900.0,10
Punjab,2022-05-27,XXL,2,4900.0,10
Punjab,2022-05-28,XXL,2,4900.0,10
Punjab,2022-05-29,XXL,2,4900.0,10
Punjab,2022-05-30,XXL,2,4900.0,10
Punjab,2022-05-31,XXL,2,4900.0,10
Punjab,2022-06-01,XXL,2,4900.0,10
Punjab,2022-06-02,XXL,2,4900.0,10
Punjab,2022-06-03,XXL,2,4900.0,10
Punjab,2022-06-04,XXL,2,4900.0,10
Punjab,2022-06-05,L,1,0.0,10
Punjab,2022-06-06,L,1,0.0,10
Punjab,2022-06-07,XXL,2,93636.0,10
Punjab,2022-06-08,XXL,2,93636.0,10
Punjab,2022-06-09,XXL,2,93636.0,10
Punjab,2022-06-10,XXL,2,93636.0,10
Punjab,2022-06-11,XXL,2,93636.0,10
Punjab,2022-06-12,XXL,2,93636.0,10
Punjab,2022-06-13,XXL,2,93636.0,10
Punjab,2022-06-14,XXL,2,93636.0,10
Punjab,2022-06-15,XXL,2,93636.0,10
Punjab,2022-06-16,XXL,2,93636.0,10
Punjab,2022-06-17,3XL,1,0.0,10
Punjab,2022-06-18,3XL,1,0.0,10
Punjab,2022-06-19,3XL,1,0.0,10
Punjab,2022-06-20,3XL,1,0.0,10
Punjab,2022-06-21,3XL,1,0.0,10
Punjab,2022-06-22,3XL,1,0.0,10
Punjab,2022-06-23,M,2,0.0,10
Punjab,2022-06-24,M,2,0.0,10
Punjab,2022-06-25,M,2,0.0,10
Punjab,2022-06-26,M,2,0.0,10
Punjab,2022-06-27,M,2,0.0,10
Punjab,2022-06-28,M,2,0.0,10
Punjab,2022-06-29,M,2,0.0,10
Punjab,2022-06-30,M,2,0.0,10
Punjab,2022-07-01,M,2,0.0,10
Punjab,2022-07-02,M,2,0.0,10
Punjab/Mohali/Zirakpur,2022-04-26,L,1,0.0,10
Punjab/Mohali/Zirakpur,2022-04-27,L,1,0.0,10
Punjab/Mohali/Zirakpur,2022-04-28,L,1,0.0,10
Punjab/Mohali/Zirakpur,2022-04-29,L,1,0.0,10
Punjab/Mohali/Zirakpur,2022-04-30,L,1,0.0,10
Punjab/Mohali/Zirakpur,2022-05-01,L,1,0.0,10
Punjab/Mohali/Zirakpur,2022-05-02,L,1,0.0,10
Punjab/Mohali/Zirakpur,2022-05-03,L,1,0.0,10
Punjab/Mohali/Zirakpur,2022-05-04,L,1,0.0,10
Punjab/Mohali/Zirakpur,2022-05-05,L,1,0.0,10
RAJASTHAN,2022-04-01,L,2,6889.0,10
RAJASTHAN,2022-04-02,L,11,142808.1487603305,10
RAJASTHAN,2022-04-03,L,16,144599.93359375,10
RAJASTHAN,2022-04-04,L,20,123173.82749999996,10
RAJASTHAN,2022-04-05,L,23,115498.42344045365,10
RAJASTHAN,2022-04-06,L,27,101909.12208504794,10
RAJASTHAN,2022-04-07,L,31,103416.78668054118,10
RAJASTHAN,2022-04-08,L,36,93319.46527777781,10
RAJASTHAN,2022-04-09,L,38,90678.93975069246,10
RAJASTHAN,2022-04-10,L,46,89075.19281663519,10
RAJASTHAN,2022-04-11,L,50,99239.5124,10
RAJASTHAN,2022-04-12,L,48,90510.39539930556,10
RAJASTHAN,2022-04-13,XL,46,82761.08553875238,10
RAJASTHAN,2022-04-14,L,50,102534.30439999996,10
RAJASTHAN,2022-04-15,L,54,99164.54320987646,10
RAJASTHAN,2022-04-16,M,61,74610.88847084116,10
RAJASTHAN,2022-04-17,M,64,77600.51342773438,10
RAJASTHAN,2022-04-18,M,67,78397.64847404766,10
RAJASTHAN,2022-04-19,L,66,127375.71258034889,10
RAJASTHAN,2022-04-20,M,71,71256.511406467,10
RAJASTHAN,2022-04-21,L,73,113838.24657534249,10
RAJASTHAN,2022-04-22,L,68,110373.55428200687,10
RAJASTHAN,2022-04-23,L,70,100783.04489795922,10
RAJASTHAN,2022-04-24,L,65,91752.7469822485,10
RAJASTHAN,2022-04-25,M,70,86343.32836734701,10
RAJASTHAN,2022-04-26,L,66,104449.21877869614,10
RAJASTHAN,2022-04-27,M,62,76287.0478668054,10
RAJASTHAN,2022-04-28,M,67,76743.89128981956,10
RAJASTHAN,2022-04-29,M,65,78473.64828402369,10
RAJASTHAN,2022-04-30,M,60,74303.85555555561,10
RAJASTHAN,2022-05-01,M,56,74501.81345663272,10
RAJASTHAN,2022-05-02,M,55,94341.50743801647,10
RAJASTHAN,2022-05-03,M,55,86956.13421487599,10
RAJASTHAN,2022-05-04,M,60,113826.9030555556,10
RAJASTHAN,2022-05-05,M,56,122726.57142857148,10
RAJASTHAN,2022-05-06,M,57,120802.38473376434,10
RAJASTHAN,2022-05-07,M,56,129509.62723214284,10
RAJASTHAN,2022-05-08,M,52,135233.20710059174,10
RAJASTHAN,2022-05-09,M,53,143677.53221787105,10
RAJASTHAN,2022-05-10,S,52,126733.8121301774,10
RAJASTHAN,2022-05-11,M,54,139621.1951303155,10
RAJASTHAN,2022-05-12,M,54,120044.75617283955,10
RAJASTHAN,2022-05-13,M,56,124198.47927295917,10
RAJASTHAN,2022-05-14,M,49,102139.63681799243,10
RAJASTHAN,2022-05-15,M,43,90061.07625743642,10
RAJASTHAN,2022-05-16,M,43,103561.28069226607,10
RAJASTHAN,2022-05-17,M,42,102870.13888888893,10
RAJASTHAN,2022-05-18,M,45,92234.80987654324,10
RAJASTHAN,2022-05-19,M,47,78871.25758261641,10
RAJASTHAN,2022-05-20,M,49,78330.17992503126,10
RAJASTHAN,2022-05-21,M,48,78601.78081597213,10
RAJASTHAN,2022-05-22,M,52,84782.01294378703,10
RAJASTHAN,2022-05-23,M,49,80593.59433569352,10
RAJASTHAN,2022-05-24,M,49,82057.44523115375,10
RAJASTHAN,2022-05-25,M,50,75065.35239999997,10
RAJASTHAN,2022-05-26,M,54,81949.52949245542,10
RAJASTHAN,2022-05-27,M,53,74061.97508009954,10
RAJASTHAN,2022-05-28,M,47,78391.34631054779,10
RAJASTHAN,2022-05-29,M,44,83254.38584710739,10
RAJASTHAN,2022-05-30,XL,46,77409.87192816637,10
RAJASTHAN,2022-05-31,XL,50,73739.09439999994,10
RAJASTHAN,2022-06-01,XL,52,70408.24963017745,10
RAJASTHAN,2022-06-02,XL,44,79717.555268595,10
RAJASTHAN,2022-06-03,XL,42,73166.19047619053,10
RAJASTHAN,2022-06-04,XL,39,59152.561472715286,10
RAJASTHAN,2022-06-05,XL,40,70754.85999999987,10
RAJASTHAN,2022-06-06,XL,43,70794.02595997835,10
RAJASTHAN,2022-06-07,L,42,69588.78741496592,10
RAJASTHAN,2022-06-08,L,44,73438.88171487598,10
RAJASTHAN,2022-06-09,L,50,88859.24959999998,10
RAJASTHAN,2022-06-10,L,51,89744.58131487895,10
RAJASTHAN,2022-06-11,L,52,76591.65532544372,10
RAJASTHAN,2022-06-12,M,53,118050.20719117124,10
RAJASTHAN,2022-06-13,M,53,111335.2232111072,10
RAJASTHAN,2022-06-14,M,55,126698.35239669424,10
RAJASTHAN,2022-06-15,M,56,124459.47927295917,10
RAJASTHAN,2022-06-16,M,59,130799.9821890262,10
RAJASTHAN,2022-06-17,M,57,139482.14589104347,10
RAJASTHAN,2022-06-18,M,55,143007.6317355372,10
RAJASTHAN,2022-06-19,M,53,148777.00462798146,10
RAJASTHAN,2022-06-20,M,54,152785.1481481482,10
RAJASTHAN,2022-06-21,M,46,134418.73345935723,10
RAJASTHAN,2022-06-22,L,44,111969.01239669416,10
RAJASTHAN,2022-06-23,L,49,107101.57351103704,10
RAJASTHAN,2022-06-24,L,50,112399.41439999989,10
RAJASTHAN,2022-06-25,L,49,108812.89795918379,10
RAJASTHAN,2022-06-26,L,47,104216.28972385684,10
RAJASTHAN,2022-06-27,L,45,88429.97333333327,10
RAJASTHAN,2022-06-28,L,46,86327.04158790165,10
RAJASTHAN,2022-06-29,L,38,91823.78670360113,10
RAJASTHAN,2022-06-30,XL,32,66955.1943359375,10
RAJASTHAN,2022-07-01,L,29,73043.28656361485,10
RAJASTHAN,2022-07-02,L,24,66109.27083333337,10
RAJASTHAN,2022-07-03,S,20,198325.03999999998,10
RAJASTHAN,2022-07-04,S,19,202260.4432132964,10
RAJASTHAN,2022-07-05,S,16,233239.359375,10
RAJASTHAN,2022-07-06,S,12,286778.3541666666,10
RAJASTHAN,2022-07-07,S,6,79943.58333333326,10
RAJASTHAN,2022-07-08,M,3,7112.0,10
RJ,2022-04-16,XL,1,0.0,10
RJ,2022-04-17,XL,1,0.0,10
RJ,2022-04-18,XL,1,0.0,10
RJ,2022-04-19,XL,1,0.0,10
RJ,2022-04-20,XL,1,0.0,10
RJ,2022-04-21,XL,1,0.0,10
RJ,2022-04-22,XL,1,0.0,10
RJ,2022-04-23,XL,1,0.0,10
RJ,2022-04-24,XL,1,0.0,10
RJ,2022-04-25,XL,1,0.0,10
RJ,2022-06-01,XL,1,0.0,10
RJ,2022-06-02,XL,1,0.0,10
RJ,2022-06-03,XL,1,0.0,10
RJ,2022-06-04,XL,1,0.0,10
RJ,2022-06-05,XL,1,0.0,10
RJ,2022-06-06,XL,1,0.0,10
RJ,2022-06-07,XL,1,0.0,10
RJ,2022-06-08,XL,1,0.0,10
RJ,2022-06-09,XL,1,0.0,10
RJ,2022-06-10,XL,1,0.0,10
Rajasthan,2022-04-02,XXL,1,0.0,10
Rajasthan,2022-04-03,XXL,1,0.0,10
Rajasthan,2022-04-04,S,1,0.0,10
Rajasthan,2022-04-05,XXL,2,552.25,10
Rajasthan,2022-04-06,XXL,2,552.25,10
Rajasthan,2022-04-07,XXL,2,552.25,10
Rajasthan,2022-04-08,XXL,2,552.25,10
Rajasthan,2022-04-09,XXL,2,552.25,10
Rajasthan,2022-04-10,XXL,2,552.25,10
Rajasthan,2022-04-11,XXL,2,552.25,10
Rajasthan,2022-04-12,S,2,110556.25,10
Rajasthan,2022-04-13,S,2,110556.25,10
Rajasthan,2022-04-14,S,2,90.25,10
Rajasthan,2022-04-15,S,2,90.25,10
Rajasthan,2022-04-16,S,2,90.25,10
Rajasthan,2022-04-17,S,2,90.25,10
Rajasthan,2022-04-18,S,2,90.25,10
Rajasthan,2022-04-19,M,3,6542.0,10
Rajasthan,2022-04-20,M,3,6542.0,10
Rajasthan,2022-04-21,M,3,6542.0,10
Rajasthan,2022-04-22,M,3,6542.0,10
Rajasthan,2022-04-23,M,3,6542.0,10
Rajasthan,2022-04-24,S,3,34996.222222222306,10
Rajasthan,2022-04-25,S,3,34996.222222222306,10
Rajasthan,2022-04-26,S,3,34996.222222222306,10
Rajasthan,2022-04-27,S,3,34996.222222222306,10
Rajasthan,2022-04-28,S,3,34996.222222222306,10
Rajasthan,2022-04-29,S,2,90.25,10
Rajasthan,2022-04-30,S,2,90.25,10
Rajasthan,2022-05-01,S,2,90.25,10
Rajasthan,2022-05-02,S,2,90.25,10
Rajasthan,2022-05-03,S,2,90.25,10
Rajasthan,2022-05-04,3XL,1,0.0,10
Rajasthan,2022-05-05,3XL,2,55932.25,10
Rajasthan,2022-05-06,3XL,3,37508.666666666686,10
Rajasthan,2022-05-07,3XL,2,17956.0,10
Rajasthan,2022-05-08,3XL,2,17956.0,10
Rajasthan,2022-05-09,3XL,2,17956.0,10
Rajasthan,2022-05-10,3XL,2,17956.0,10
Rajasthan,2022-05-11,3XL,2,17956.0,10
Rajasthan,2022-05-12,3XL,2,17956.0,10
Rajasthan,2022-05-13,3XL,2,17956.0,10
Rajasthan,2022-05-14,3XL,2,17956.0,10
Rajasthan,2022-05-15,3XL,1,0.0,10
Rajasthan,2022-05-18,L,1,0.0,10
Rajasthan,2022-05-19,L,2,3481.0,10
Rajasthan,2022-05-20,L,2,3481.0,10
Rajasthan,2022-05-21,L,2,3481.0,10
Rajasthan,2022-05-22,XXL,3,44232.666666666686,10
Rajasthan,2022-05-23,XXL,3,44232.666666666686,10
Rajasthan,2022-05-24,XXL,3,44232.666666666686,10
Rajasthan,2022-05-25,XXL,3,44232.666666666686,10
Rajasthan,2022-05-26,XXL,3,44232.666666666686,10
Rajasthan,2022-05-27,XXL,3,44232.666666666686,10
Rajasthan,2022-05-28,S,3,5478.2222222223645,10
Rajasthan,2022-05-29,XXL,3,44232.666666666686,10
Rajasthan,2022-05-30,M,3,15944.222222222248,10
Rajasthan,2022-05-31,M,3,15944.222222222248,10
Rajasthan,2022-06-01,M,3,15944.222222222248,10
Rajasthan,2022-06-02,M,3,15944.222222222248,10
Rajasthan,2022-06-03,M,4,27045.6875,10
Rajasthan,2022-06-04,M,5,21876.79999999999,10
Rajasthan,2022-06-05,M,5,21876.79999999999,10
Rajasthan,2022-06-06,M,6,38710.666666666686,10
Rajasthan,2022-06-07,M,5,41165.83999999997,10
Rajasthan,2022-06-08,M,6,34531.555555555504,10
Rajasthan,2022-06-09,M,5,38300.55999999994,10
Rajasthan,2022-06-10,M,5,38300.55999999994,10
Rajasthan,2022-06-11,M,5,38300.55999999994,10
Rajasthan,2022-06-12,M,5,38300.55999999994,10
Rajasthan,2022-06-13,M,4,22812.5,10
Rajasthan,2022-06-14,M,3,16016.666666666628,10
Rajasthan,2022-06-15,M,4,12204.5,10
Rajasthan,2022-06-16,M,3,3877.555555555504,10
Rajasthan,2022-06-17,M,2,5776.0,10
Rajasthan,2022-06-18,L,2,35910.25,10
Rajasthan,2022-06-19,L,2,35910.25,10
Rajasthan,2022-06-20,L,2,35910.25,10
Rajasthan,2022-06-21,L,2,35910.25,10
Rajasthan,2022-06-22,L,2,35910.25,10
Rajasthan,2022-06-23,L,2,35910.25,10
Rajasthan,2022-06-24,L,2,35910.25,10
Rajasthan,2022-06-25,L,2,35910.25,10
Rajasthan,2022-06-26,L,2,35910.25,10
Rajasthan,2022-06-27,L,1,0.0,10
Rajasthan,2022-06-28,XL,1,0.0,10
Rajasthan,2022-06-29,XL,1,0.0,10
Rajasthan,2022-06-30,XL,1,0.0,10
Rajasthan,2022-07-01,XL,1,0.0,10
Rajshthan,2022-04-30,S,1,0.0,10
Rajshthan,2022-05-01,S,1,0.0,10
Rajshthan,2022-05-02,S,1,0.0,10
Rajshthan,2022-05-03,S,1,0.0,10
Rajshthan,2022-05-04,S,1,0.0,10
Rajshthan,2022-05-05,S,1,0.0,10
Rajshthan,2022-05-06,S,1,0.0,10
Rajshthan,2022-05-07,S,1,0.0,10
Rajshthan,2022-05-08,S,1,0.0,10
Rajshthan,2022-05-09,S,1,0.0,10
Rajsthan,2022-06-06,XL,1,0.0,10
Rajsthan,2022-06-07,XL,1,0.0,10
Rajsthan,2022-06-08,XL,1,0.0,10
Rajsthan,2022-06-09,XL,1,0.0,10
Rajsthan,2022-06-10,XL,1,0.0,10
Rajsthan,2022-06-11,XL,1,0.0,10
Rajsthan,2022-06-12,XL,1,0.0,10
Rajsthan,2022-06-13,XL,1,0.0,10
Rajsthan,2022-06-14,XL,1,0.0,10
Rajsthan,2022-06-15,XL,1,0.0,10
SIKKIM,2022-04-02,S,2,18496.0,10
SIKKIM,2022-04-03,L,2,240.25,10
SIKKIM,2022-04-04,S,4,15868.1875,10
SIKKIM,2022-04-05,S,5,13969.039999999979,10
SIKKIM,2022-04-06,S,5,13969.039999999979,10
SIKKIM,2022-04-07,S,6,24679.888888888934,10
SIKKIM,2022-04-08,S,6,24679.888888888934,10
SIKKIM,2022-04-09,S,6,24679.888888888934,10
SIKKIM,2022-04-10,S,6,24679.888888888934,10
SIKKIM,2022-04-11,M,6,6269.583333333314,10
SIKKIM,2022-04-12,M,6,6269.583333333314,10
SIKKIM,2022-04-13,M,6,6269.583333333314,10
SIKKIM,2022-04-14,M,6,6269.583333333314,10
SIKKIM,2022-04-15,M,6,6269.583333333314,10
SIKKIM,2022-04-16,L,3,24800.0,10
SIKKIM,2022-04-17,M,3,138.88888888893416,10
SIKKIM,2022-04-18,M,4,117.1875,10
SIKKIM,2022-04-19,M,5,103.35999999992782,10
SIKKIM,2022-04-20,M,4,110.1875,10
SIKKIM,2022-04-21,3XL,4,28045.6875,10
SIKKIM,2022-04-22,3XL,4,28045.6875,10
SIKKIM,2022-04-23,3XL,4,28045.6875,10
SIKKIM,2022-04-24,3XL,5,25953.03999999992,10
SIKKIM,2022-04-25,3XL,6,21629.138888888992,10
SIKKIM,2022-04-26,M,9,36324.222222222306,10
SIKKIM,2022-04-27,M,8,40620.609375,10
SIKKIM,2022-04-28,M,7,46064.81632653059,10
SIKKIM,2022-04-29,M,7,52905.95918367349,10
SIKKIM,2022-04-30,M,8,57663.359375,10
SIKKIM,2022-05-01,M,8,57663.359375,10
SIKKIM,2022-05-02,M,7,28147.387755102012,10
SIKKIM,2022-05-03,M,10,29713.76000000001,10
SIKKIM,2022-05-04,M,9,26033.95061728399,10
SIKKIM,2022-05-05,M,9,27516.098765432078,10
SIKKIM,2022-05-06,M,7,41898.69387755089,10
SIKKIM,2022-05-07,M,8,41866.109375,10
SIKKIM,2022-05-08,M,9,39560.444444444496,10
SIKKIM,2022-05-09,S,8,41328.484375,10
SIKKIM,2022-05-10,M,8,27530.359375,10
SIKKIM,2022-05-11,M,9,28299.555555555504,10
SIKKIM,2022-05-12,M,9,28299.555555555504,10
SIKKIM,2022-05-13,S,8,41072.5,10
SIKKIM,2022-05-14,S,8,41072.5,10
SIKKIM,2022-05-15,M,8,66716.484375,10
SIKKIM,2022-05-16,M,7,70063.10204081645,10
SIKKIM,2022-05-17,M,8,57872.25,10
SIKKIM,2022-05-18,M,8,57072.5,10
SIKKIM,2022-05-19,M,8,57072.5,10
SIKKIM,2022-05-20,M,7,58825.061224489706,10
SIKKIM,2022-05-21,M,6,59948.91666666663,10
SIKKIM,2022-05-22,M,6,59948.91666666663,10
SIKKIM,2022-05-23,M,6,59948.91666666663,10
SIKKIM,2022-05-24,M,5,953.2000000000116,10
SIKKIM,2022-05-25,M,4,471.5,10
SIKKIM,2022-05-26,M,4,471.5,10
SIKKIM,2022-05-27,M,2,756.25,10
SIKKIM,2022-05-28,M,2,196.0,10
SIKKIM,2022-05-29,M,2,196.0,10
SIKKIM,2022-05-30,M,2,196.0,10
SIKKIM,2022-05-31,3XL,3,104888.22222222225,10
SIKKIM,2022-06-01,M,2,196.0,10
SIKKIM,2022-06-02,M,2,196.0,10
SIKKIM,2022-06-03,L,3,13038.222222222306,10
SIKKIM,2022-06-04,L,5,23330.24000000002,10
SIKKIM,2022-06-05,L,5,23330.24000000002,10
SIKKIM,2022-06-06,L,5,23330.24000000002,10
SIKKIM,2022-06-07,L,7,24552.693877551064,10
SIKKIM,2022-06-08,L,7,24552.693877551064,10
SIKKIM,2022-06-09,L,8,106734.5,10
SIKKIM,2022-06-10,L,8,106734.5,10
SIKKIM,2022-06-11,L,10,118271.0099999999,10
SIKKIM,2022-06-12,L,10,118271.0099999999,10
SIKKIM,2022-06-13,L,8,142917.984375,10
SIKKIM,2022-06-14,XL,7,85864.53061224491,10
SIKKIM,2022-06-15,XL,7,85864.53061224491,10
SIKKIM,2022-06-16,XL,8,142457.5,10
SIKKIM,2022-06-17,XL,8,142457.5,10
SIKKIM,2022-06-18,XL,8,142457.5,10
SIKKIM,2022-06-19,XL,5,226672.95999999996,10
SIKKIM,2022-06-20,XL,3,142734.22222222213,10
SIKKIM,2022-06-21,3XL,2,33124.0,10
SIKKIM,2022-06-22,3XL,2,33124.0,10
SIKKIM,2022-06-23,XL,3,209238.88888888888,10
SIKKIM,2022-06-24,XL,4,176089.1875,10
SIKKIM,2022-06-25,XL,5,144018.55999999994,10
SIKKIM,2022-06-26,XL,4,69464.75,10
SIKKIM,2022-06-27,XL,4,69464.75,10
SIKKIM,2022-06-28,XL,4,69464.75,10
SIKKIM,2022-06-29,XL,4,69464.75,10
SIKKIM,2022-06-30,XL,4,69464.75,10
SIKKIM,2022-07-01,XL,4,69464.75,10
SIKKIM,2022-07-02,XL,4,69464.75,10
SIKKIM,2022-07-03,3XL,3,213868.2222222223,10
SIKKIM,2022-07-04,3XL,2,231361.0,10
SIKKIM,2022-07-05,3XL,2,231361.0,10
SIKKIM,2022-07-06,3XL,2,231361.0,10
SIKKIM,2022-07-07,3XL,2,231361.0,10
SIKKIM,2022-07-08,L,1,0.0,10
Sikkim,2022-05-18,L,1,0.0,10
Sikkim,2022-05-19,L,1,0.0,10
Sikkim,2022-05-20,L,1,0.0,10
Sikkim,2022-05-21,L,1,0.0,10
Sikkim,2022-05-22,L,1,0.0,10
Sikkim,2022-05-23,L,1,0.0,10
Sikkim,2022-05-24,L,1,0.0,10
Sikkim,2022-05-25,L,1,0.0,10
Sikkim,2022-05-26,L,1,0.0,10
Sikkim,2022-05-27,L,1,0.0,10
Sikkim,2022-06-10,L,1,0.0,10
Sikkim,2022-06-11,L,1,0.0,10
Sikkim,2022-06-12,L,1,0.0,10
Sikkim,2022-06-13,L,1,0.0,10
Sikkim,2022-06-14,L,1,0.0,10
Sikkim,2022-06-15,L,1,0.0,10
Sikkim,2022-06-16,L,1,0.0,10
Sikkim,2022-06-17,L,1,0.0,10
Sikkim,2022-06-18,L,1,0.0,10
Sikkim,2022-06-19,L,1,0.0,10
Sikkim,2022-06-25,XXL,1,0.0,10
Sikkim,2022-06-26,XXL,1,0.0,10
Sikkim,2022-06-27,XXL,1,0.0,10
Sikkim,2022-06-28,XXL,1,0.0,10
Sikkim,2022-06-29,XXL,1,0.0,10
Sikkim,2022-06-30,XXL,1,0.0,10
Sikkim,2022-07-01,XXL,1,0.0,10
Sikkim,2022-07-02,XXL,1,0.0,10
Sikkim,2022-07-03,XXL,1,0.0,10
Sikkim,2022-07-04,XXL,1,0.0,10
TAMIL NADU,2022-04-01,L,3,10203.555555555562,10
TAMIL NADU,2022-04-02,XL,25,72472.63999999996,10
TAMIL NADU,2022-04-03,M,51,57994.902729719295,10
TAMIL NADU,2022-04-04,M,69,64549.83406847302,10
TAMIL NADU,2022-04-05,L,87,41272.76839741052,10
TAMIL NADU,2022-04-06,L,102,42438.83093041129,10
TAMIL NADU,2022-04-07,L,117,51493.496383957856,10
TAMIL NADU,2022-04-08,L,134,55306.64051013591,10
TAMIL NADU,2022-04-09,L,157,55419.338066453056,10
TAMIL NADU,2022-04-10,L,190,56096.73354570643,10
TAMIL NADU,2022-04-11,L,211,56972.94198243524,10
TAMIL NADU,2022-04-12,L,218,60648.45915747841,10
TAMIL NADU,2022-04-13,L,218,65718.8981777628,10
TAMIL NADU,2022-04-14,L,214,66389.87160450692,10
TAMIL NADU,2022-04-15,L,211,68966.54230587807,10
TAMIL NADU,2022-04-16,L,225,66232.02836543217,10
TAMIL NADU,2022-04-17,L,224,60902.96075813135,10
TAMIL NADU,2022-04-18,L,232,55354.2097019917,10
TAMIL NADU,2022-04-19,L,229,54744.96180469473,10
TAMIL NADU,2022-04-20,XL,217,51298.09178364376,10
TAMIL NADU,2022-04-21,XL,220,48613.07685950416,10
TAMIL NADU,2022-04-22,XL,220,49630.80157024786,10
TAMIL NADU,2022-04-23,XL,215,49699.124802595994,10
TAMIL NADU,2022-04-24,XL,216,43043.952932098764,10
TAMIL NADU,2022-04-25,XL,214,43109.43027775345,10
TAMIL NADU,2022-04-26,M,210,41338.41551020404,10
TAMIL NADU,2022-04-27,XL,222,45146.7289992696,10
TAMIL NADU,2022-04-28,XL,226,44918.21951601538,10
TAMIL NADU,2022-04-29,XL,225,47356.92246913578,10
TAMIL NADU,2022-04-30,XL,213,45271.67193458084,10
TAMIL NADU,2022-05-01,XL,213,47848.74751482287,10
TAMIL NADU,2022-05-02,XL,211,42638.72855506395,10
TAMIL NADU,2022-05-03,XL,228,44152.211507386935,10
TAMIL NADU,2022-05-04,XL,239,45663.23429211683,10
TAMIL NADU,2022-05-05,XL,243,44827.79637250421,10
TAMIL NADU,2022-05-06,XL,235,42418.571480307786,10
TAMIL NADU,2022-05-07,L,214,58405.23058782425,10
TAMIL NADU,2022-05-08,L,213,55414.78547025507,10
TAMIL NADU,2022-05-09,L,217,56874.93376372394,10
TAMIL NADU,2022-05-10,L,208,63433.576899962965,10
TAMIL NADU,2022-05-11,L,212,63469.59576361702,10
TAMIL NADU,2022-05-12,M,198,84347.98370064277,10
TAMIL NADU,2022-05-13,L,192,66882.359375,10
TAMIL NADU,2022-05-14,L,177,69767.36652941367,10
TAMIL NADU,2022-05-15,L,173,68358.22078920103,10
TAMIL NADU,2022-05-16,L,164,67102.72189173114,10
TAMIL NADU,2022-05-17,L,168,66206.84807256242,10
TAMIL NADU,2022-05-18,L,169,69111.98865585937,10
TAMIL NADU,2022-05-19,L,165,78550.74431588617,10
TAMIL NADU,2022-05-20,L,166,74612.97779068089,10
TAMIL NADU,2022-05-21,L,163,74873.09601415182,10
TAMIL NADU,2022-05-22,L,161,66684.93962424295,10
TAMIL NADU,2022-05-23,L,164,64916.97780339082,10
TAMIL NADU,2022-05-24,L,163,64263.646053671546,10
TAMIL NADU,2022-05-25,L,158,66722.63407306513,10
TAMIL NADU,2022-05-26,L,158,65568.57506809803,10
TAMIL NADU,2022-05-27,XL,159,76164.50132510584,10
TAMIL NADU,2022-05-28,XL,164,73446.40511600242,10
TAMIL NADU,2022-05-29,XL,176,68781.98137267563,10
TAMIL NADU,2022-05-30,XL,176,67949.12809917354,10
TAMIL NADU,2022-05-31,XL,176,62713.646177685994,10
TAMIL NADU,2022-06-01,XL,195,59860.89846153854,10
TAMIL NADU,2022-06-02,XL,194,60874.536002763314,10
TAMIL NADU,2022-06-03,XL,195,59231.64076265617,10
TAMIL NADU,2022-06-04,XL,187,54844.83799937082,10
TAMIL NADU,2022-06-05,XXL,201,61455.0730427464,10
TAMIL NADU,2022-06-06,M,205,68637.59890541347,10
TAMIL NADU,2022-06-07,M,223,69150.62112650572,10
TAMIL NADU,2022-06-08,M,224,66811.05604272953,10
TAMIL NADU,2022-06-09,M,222,69295.40532424318,10
TAMIL NADU,2022-06-10,M,229,70866.54747239762,10
TAMIL NADU,2022-06-11,M,215,64191.54968090856,10
TAMIL NADU,2022-06-12,M,211,62856.79499562003,10
TAMIL NADU,2022-06-13,M,213,63051.430271771445,10
TAMIL NADU,2022-06-14,M,215,64175.15686316934,10
TAMIL NADU,2022-06-15,XL,217,79672.74756312516,10
TAMIL NADU,2022-06-16,XL,212,79944.10633232474,10
TAMIL NADU,2022-06-17,XL,204,78860.67406766629,10
TAMIL NADU,2022-06-18,XL,196,83659.23039879213,10
TAMIL NADU,2022-06-19,XL,201,82389.56827801291,10
TAMIL NADU,2022-06-20,XL,202,84895.48850602878,10
TAMIL NADU,2022-06-21,XL,193,84371.78313511779,10
TAMIL NADU,2022-06-22,XL,196,77452.65938671387,10
TAMIL NADU,2022-06-23,XL,193,67338.38025181886,10
TAMIL NADU,2022-06-24,XL,188,60300.481326392095,10
TAMIL NADU,2022-06-25,XL,175,68067.00160000008,10
TAMIL NADU,2022-06-26,XL,168,67038.81714144,10
TAMIL NADU,2022-06-27,XL,168,65904.16237953515,10
TAMIL NADU,2022-06-28,XL,161,66686.07075344311,10
TAMIL NADU,2022-06-29,L,157,60295.67820195551,10
TAMIL NADU,2022-06-30,L,148,63570.51365047484,10
TAMIL NADU,2022-07-01,L,135,65879.87654320989,10
TAMIL NADU,2022-07-02,L,116,60390.32662009506,10
TAMIL NADU,2022-07-03,L,99,60447.493317008484,10
TAMIL NADU,2022-07-04,L,89,61452.476959979744,10
TAMIL NADU,2022-07-05,L,69,68161.61814744805,10
TAMIL NADU,2022-07-06,M,58,59733.2737812128,10
TAMIL NADU,2022-07-07,M,35,58735.7110204082,10
TAMIL NADU,2022-07-08,M,20,49202.159999999916,10
TAMIL NADU,2022-07-09,M,5,6598.24000000002,10
TELANGANA,2022-04-01,L,3,17544.22222222219,10
TELANGANA,2022-04-02,M,21,72103.28344671195,10
TELANGANA,2022-04-03,M,41,81203.77513384883,10
TELANGANA,2022-04-04,M,62,75706.15296566073,10
TELANGANA,2022-04-05,M,74,76763.28871439007,10
TELANGANA,2022-04-06,M,95,77336.92033241002,10
TELANGANA,2022-04-07,M,108,71756.87105624145,10
TELANGANA,2022-04-08,M,125,69832.18905599997,10
TELANGANA,2022-04-09,M,145,71377.64299643278,10
TELANGANA,2022-04-10,M,160,70423.89683593751,10
TELANGANA,2022-04-11,L,182,54978.85448617319,10
TELANGANA,2022-04-12,L,185,62259.95704894082,10
TELANGANA,2022-04-13,L,195,63433.12557527935,10
TELANGANA,2022-04-14,L,213,64308.93372126343,10
TELANGANA,2022-04-15,L,215,63579.56504056248,10
TELANGANA,2022-04-16,L,218,67674.4496254524,10
TELANGANA,2022-04-17,L,229,67384.98270437255,10
TELANGANA,2022-04-18,L,231,68075.49596147,10
TELANGANA,2022-04-19,L,212,65904.82458170166,10
TELANGANA,2022-04-20,L,208,65152.74029215978,10
TELANGANA,2022-04-21,L,203,61429.63338105753,10
TELANGANA,2022-04-22,L,206,53495.40767273068,10
TELANGANA,2022-04-23,L,213,50615.917785271886,10
TELANGANA,2022-04-24,XL,205,46658.24661511008,10
TELANGANA,2022-04-25,M,213,59484.815490753565,10
TELANGANA,2022-04-26,M,219,67937.77173119824,10
TELANGANA,2022-04-27,M,221,68334.89560000814,10
TELANGANA,2022-04-28,M,226,70506.01137520547,10
TELANGANA,2022-04-29,M,228,71125.24859572179,10
TELANGANA,2022-04-30,M,225,71230.89351111103,10
TELANGANA,2022-05-01,M,220,69571.1908264464,10
TELANGANA,2022-05-02,M,221,66276.80534796586,10
TELANGANA,2022-05-03,M,228,71194.94105878728,10
TELANGANA,2022-05-04,M,237,71403.48291762365,10
TELANGANA,2022-05-05,M,246,67588.36653116526,10
TELANGANA,2022-05-06,M,250,64181.806016000046,10
TELANGANA,2022-05-07,M,251,67059.40635862917,10
TELANGANA,2022-05-08,M,246,64376.99940511602,10
TELANGANA,2022-05-09,M,248,65134.14917728928,10
TELANGANA,2022-05-10,M,241,66464.8259844011,10
TELANGANA,2022-05-11,M,225,69646.94293333328,10
TELANGANA,2022-05-12,M,215,70016.58388318011,10
TELANGANA,2022-05-13,M,202,68439.28359964711,10
TELANGANA,2022-05-14,M,189,71632.77674197243,10
TELANGANA,2022-05-15,M,169,83712.91565421381,10
TELANGANA,2022-05-16,M,166,84856.36191754969,10
TELANGANA,2022-05-17,L,169,61581.89181051083,10
TELANGANA,2022-05-18,L,164,63470.21248512791,10
TELANGANA,2022-05-19,L,166,57094.56916823925,10
TELANGANA,2022-05-20,L,172,64309.05093969713,10
TELANGANA,2022-05-21,L,173,66558.85268468718,10
TELANGANA,2022-05-22,L,176,81517.92032541323,10
TELANGANA,2022-05-23,L,171,81453.79193598026,10
TELANGANA,2022-05-24,L,162,81829.04877305293,10
TELANGANA,2022-05-25,XL,161,92724.2138034798,10
TELANGANA,2022-05-26,XL,170,79001.10868512106,10
TELANGANA,2022-05-27,XL,179,79752.753721794,10
TELANGANA,2022-05-28,XL,178,81103.56672137353,10
TELANGANA,2022-05-29,XL,178,83171.19795480365,10
TELANGANA,2022-05-30,XL,182,82422.93998309382,10
TELANGANA,2022-05-31,XL,180,79685.78691358032,10
TELANGANA,2022-06-01,XL,195,74671.41527942132,10
TELANGANA,2022-06-02,XL,191,75008.71187741554,10
TELANGANA,2022-06-03,XL,199,77772.06787707383,10
TELANGANA,2022-06-04,XL,208,79215.15104937134,10
TELANGANA,2022-06-05,XL,211,85860.55650142627,10
TELANGANA,2022-06-06,XL,206,85779.57762277307,10
TELANGANA,2022-06-07,XL,209,83618.15677296772,10
TELANGANA,2022-06-08,XL,210,86898.29408163263,10
TELANGANA,2022-06-09,XL,219,85039.30818790256,10
TELANGANA,2022-06-10,XL,223,89154.63081903924,10
TELANGANA,2022-06-11,XL,221,95394.72672549699,10
TELANGANA,2022-06-12,XL,223,115673.70954573783,10
TELANGANA,2022-06-13,XL,220,114043.18148760323,10
TELANGANA,2022-06-14,XL,219,113002.46842225979,10
TELANGANA,2022-06-15,L,208,83361.51624907547,10
TELANGANA,2022-06-16,XL,208,112162.72094582103,10
TELANGANA,2022-06-17,XL,207,108092.42362715577,10
TELANGANA,2022-06-18,XL,199,105084.70124491799,10
TELANGANA,2022-06-19,XL,189,111057.40578371263,10
TELANGANA,2022-06-20,M,181,70427.55080736242,10
TELANGANA,2022-06-21,M,183,72971.12711636652,10
TELANGANA,2022-06-22,M,188,83276.985174287,10
TELANGANA,2022-06-23,M,184,86350.89174740075,10
TELANGANA,2022-06-24,M,179,88975.80562404421,10
TELANGANA,2022-06-25,M,175,98897.03262040816,10
TELANGANA,2022-06-26,M,158,102663.76610318868,10
TELANGANA,2022-06-27,XL,155,98348.21336108213,10
TELANGANA,2022-06-28,XL,164,109675.49535246874,10
TELANGANA,2022-06-29,M,166,99577.38746552484,10
TELANGANA,2022-06-30,M,151,104270.97504495422,10
TELANGANA,2022-07-01,M,132,103649.95058539958,10
TELANGANA,2022-07-02,M,112,96956.31855867355,10
TELANGANA,2022-07-03,M,95,95668.15578947368,10
TELANGANA,2022-07-04,XL,88,130323.96900826442,10
TELANGANA,2022-07-05,XL,74,136333.54565376183,10
TELANGANA,2022-07-06,XL,56,136017.78539540817,10
TELANGANA,2022-07-07,M,41,77220.56632956566,10
TELANGANA,2022-07-08,M,17,64007.61937716277,10
TELANGANA,2022-07-09,L,5,14564.400000000023,10
TRIPURA,2022-04-01,XXL,1,0.0,10
TRIPURA,2022-04-02,XXL,4,9220.5,10
TRIPURA,2022-04-03,XXL,4,9220.5,10
TRIPURA,2022-04-04,XXL,4,9220.5,10
TRIPURA,2022-04-05,XXL,4,9220.5,10
TRIPURA,2022-04-06,XXL,4,9220.5,10
TRIPURA,2022-04-07,XXL,5,14365.359999999986,10
TRIPURA,2022-04-08,XXL,5,14365.359999999986,10
TRIPURA,2022-04-09,XXL,6,11971.222222222248,10
TRIPURA,2022-04-10,XXL,6,11971.222222222248,10
TRIPURA,2022-04-11,M,6,88449.88888888882,10
TRIPURA,2022-04-12,M,7,75886.69387755095,10
TRIPURA,2022-04-13,M,8,75463.859375,10
TRIPURA,2022-04-14,M,8,73983.6875,10
TRIPURA,2022-04-15,M,7,84542.97959183675,10
TRIPURA,2022-04-16,M,7,84542.97959183675,10
TRIPURA,2022-04-17,M,9,70275.7777777777,10
TRIPURA,2022-04-18,M,7,84786.24489795917,10
TRIPURA,2022-04-19,L,6,17496.0,10
TRIPURA,2022-04-20,L,6,17496.0,10
TRIPURA,2022-04-21,L,6,17496.0,10
TRIPURA,2022-04-22,L,6,17496.0,10
TRIPURA,2022-04-23,L,6,17496.0,10
TRIPURA,2022-04-24,L,6,30716.888888888876,10
TRIPURA,2022-04-25,M,3,1346.0,10
TRIPURA,2022-04-26,M,4,1041.1875,10
TRIPURA,2022-04-27,XXL,2,0.0,10
TRIPURA,2022-04-28,L,4,87890.6875,10
TRIPURA,2022-04-29,M,3,85670.88888888888,10
TRIPURA,2022-04-30,M,4,69587.25,10
TRIPURA,2022-05-01,XXL,5,91264.40000000002,10
TRIPURA,2022-05-02,XXL,5,91264.40000000002,10
TRIPURA,2022-05-03,XXL,5,91264.40000000002,10
TRIPURA,2022-05-04,XXL,5,91264.40000000002,10
TRIPURA,2022-05-05,L,4,23199.1875,10
TRIPURA,2022-05-06,L,4,23199.1875,10
TRIPURA,2022-05-07,L,4,23199.1875,10
TRIPURA,2022-05-08,XS,4,50538.1875,10
TRIPURA,2022-05-09,XS,4,50538.1875,10
TRIPURA,2022-05-10,XS,3,17282.888888888992,10
TRIPURA,2022-05-11,XS,3,17282.888888888992,10
TRIPURA,2022-05-12,XL,4,20333.1875,10
TRIPURA,2022-05-13,XL,4,20333.1875,10
TRIPURA,2022-05-14,XL,4,20333.1875,10
TRIPURA,2022-05-15,XS,3,20348.22222222219,10
TRIPURA,2022-05-16,XS,3,1981.5555555555038,10
TRIPURA,2022-05-17,XL,3,17284.222222222306,10
TRIPURA,2022-05-18,XL,3,17284.222222222306,10
TRIPURA,2022-05-19,XL,4,21337.25,10
TRIPURA,2022-05-20,XXL,3,522.8888888889342,10
TRIPURA,2022-05-21,XL,3,28204.22222222213,10
TRIPURA,2022-05-22,XS,2,812.25,10
TRIPURA,2022-05-23,M,3,35757.55555555556,10
TRIPURA,2022-05-24,M,3,35757.55555555556,10
TRIPURA,2022-05-25,M,3,35757.55555555556,10
TRIPURA,2022-05-26,M,3,35757.55555555556,10
TRIPURA,2022-05-27,M,5,22988.159999999916,10
TRIPURA,2022-05-28,M,6,22589.0,10
TRIPURA,2022-05-29,M,7,22818.0,10
TRIPURA,2022-05-30,M,7,22818.0,10
TRIPURA,2022-05-31,M,6,22809.888888888934,10
TRIPURA,2022-06-01,M,6,22809.888888888934,10
TRIPURA,2022-06-02,M,5,10135.759999999951,10
TRIPURA,2022-06-03,M,6,23406.916666666686,10
TRIPURA,2022-06-04,M,7,114134.77551020414,10
TRIPURA,2022-06-05,M,7,114134.77551020414,10
TRIPURA,2022-06-06,S,5,24541.440000000002,10
TRIPURA,2022-06-07,S,5,24541.440000000002,10
TRIPURA,2022-06-08,S,4,723.0,10
TRIPURA,2022-06-09,S,4,723.0,10
TRIPURA,2022-06-10,S,4,723.0,10
TRIPURA,2022-06-11,S,3,910.2222222222481,10
TRIPURA,2022-06-12,M,3,247483.55555555562,10
TRIPURA,2022-06-13,3XL,2,56.25,10
TRIPURA,2022-06-14,3XL,2,56.25,10
TRIPURA,2022-06-15,L,3,31196.222222222248,10
TRIPURA,2022-06-16,L,3,31196.222222222248,10
TRIPURA,2022-06-17,L,3,31196.222222222248,10
TRIPURA,2022-06-18,XL,3,110266.88888888888,10
TRIPURA,2022-06-19,M,2,5256.25,10
TRIPURA,2022-06-20,L,3,26554.888888888876,10
TRIPURA,2022-06-21,L,3,26554.888888888876,10
TRIPURA,2022-06-22,L,3,26554.888888888876,10
TRIPURA,2022-06-23,L,2,272.25,10
TRIPURA,2022-06-24,L,2,272.25,10
TRIPURA,2022-06-25,S,3,15929.55555555562,10
TRIPURA,2022-06-26,S,2,5329.0,10
TRIPURA,2022-06-27,S,2,5329.0,10
TRIPURA,2022-06-28,L,2,1024.0,10
TRIPURA,2022-06-29,L,2,1024.0,10
TRIPURA,2022-06-30,S,2,37056.25,10
TRIPURA,2022-07-01,S,2,37056.25,10
TRIPURA,2022-07-02,S,2,37056.25,10
TRIPURA,2022-07-03,S,2,37056.25,10
TRIPURA,2022-07-04,S,2,37056.25,10
TRIPURA,2022-07-05,3XL,1,0.0,10
TRIPURA,2022-07-06,3XL,1,0.0,10
TRIPURA,2022-07-07,3XL,1,0.0,10
TRIPURA,2022-07-08,M,1,0.0,10
TRIPURA,2022-07-09,S,1,0.0,10
UTTAR PRADESH,2022-04-01,XXL,4,15514.75,10
UTTAR PRADESH,2022-04-02,S,21,55519.26984126988,10
UTTAR PRADESH,2022-04-03,M,43,59898.06165494869,10
UTTAR PRADESH,2022-04-04,M,65,63527.67715976335,10
UTTAR PRADESH,2022-04-05,M,84,57998.177295918285,10
UTTAR PRADESH,2022-04-06,M,105,63217.11963718821,10
UTTAR PRADESH,2022-04-07,L,128,75415.359375,10
UTTAR PRADESH,2022-04-08,L,149,72174.37953245349,10
UTTAR PRADESH,2022-04-09,L,179,70300.8335570051,10
UTTAR PRADESH,2022-04-10,L,197,76226.78069519956,10
UTTAR PRADESH,2022-04-11,L,224,72841.56343670283,10
UTTAR PRADESH,2022-04-12,L,236,71809.08273484628,10
UTTAR PRADESH,2022-04-13,L,234,75522.61275476665,10
UTTAR PRADESH,2022-04-14,L,239,78322.77817265096,10
UTTAR PRADESH,2022-04-15,L,248,79996.24725221132,10
UTTAR PRADESH,2022-04-16,L,244,76814.00246909441,10
UTTAR PRADESH,2022-04-17,M,245,77766.28244897968,10
UTTAR PRADESH,2022-04-18,M,233,76362.78568402439,10
UTTAR PRADESH,2022-04-19,M,237,69178.98705691751,10
UTTAR PRADESH,2022-04-20,M,239,74177.20474081347,10
UTTAR PRADESH,2022-04-21,M,240,70579.50388888892,10
UTTAR PRADESH,2022-04-22,M,240,71777.72942708334,10
UTTAR PRADESH,2022-04-23,M,247,73425.99786916684,10
UTTAR PRADESH,2022-04-24,M,252,67845.58106575964,10
UTTAR PRADESH,2022-04-25,M,243,73413.8026046165,10
UTTAR PRADESH,2022-04-26,M,236,78592.36297041085,10
UTTAR PRADESH,2022-04-27,M,224,77806.71107700892,10
UTTAR PRADESH,2022-04-28,M,240,76871.01692708331,10
UTTAR PRADESH,2022-04-29,M,228,89090.87088334875,10
UTTAR PRADESH,2022-04-30,M,233,89651.947355818,10
UTTAR PRADESH,2022-05-01,XL,229,101329.42209340021,10
UTTAR PRADESH,2022-05-02,M,231,98452.12799610198,10
UTTAR PRADESH,2022-05-03,M,244,118618.13249126589,10
UTTAR PRADESH,2022-05-04,M,230,124529.4598298677,10
UTTAR PRADESH,2022-05-05,M,229,126897.5105356496,10
UTTAR PRADESH,2022-05-06,M,217,125285.5812185437,10
UTTAR PRADESH,2022-05-07,M,218,131217.7159330023,10
UTTAR PRADESH,2022-05-08,M,211,133694.6433368522,10
UTTAR PRADESH,2022-05-09,M,220,132264.65080578515,10
UTTAR PRADESH,2022-05-10,M,220,123191.60322314047,10
UTTAR PRADESH,2022-05-11,M,223,117787.83591063565,10
UTTAR PRADESH,2022-05-12,M,211,114927.0860942027,10
UTTAR PRADESH,2022-05-13,M,201,90542.22860820277,10
UTTAR PRADESH,2022-05-14,M,205,90251.62127305183,10
UTTAR PRADESH,2022-05-15,M,191,77889.8218798826,10
UTTAR PRADESH,2022-05-16,M,193,79827.79500120814,10
UTTAR PRADESH,2022-05-17,M,187,72811.67376819468,10
UTTAR PRADESH,2022-05-18,M,183,77583.94105527189,10
UTTAR PRADESH,2022-05-19,M,173,64242.54689431662,10
UTTAR PRADESH,2022-05-20,M,169,70385.21039179299,10
UTTAR PRADESH,2022-05-21,M,166,73798.318660183,10
UTTAR PRADESH,2022-05-22,M,167,75675.86604037433,10
UTTAR PRADESH,2022-05-23,M,161,80845.80610315956,10
UTTAR PRADESH,2022-05-24,XL,157,106954.55718284706,10
UTTAR PRADESH,2022-05-25,XL,155,101245.54031217471,10
UTTAR PRADESH,2022-05-26,XL,157,96996.5226986896,10
UTTAR PRADESH,2022-05-27,M,167,99841.68797733868,10
UTTAR PRADESH,2022-05-28,M,170,95349.40418685123,10
UTTAR PRADESH,2022-05-29,M,166,92168.80407170852,10
UTTAR PRADESH,2022-05-30,M,165,92759.85219467396,10
UTTAR PRADESH,2022-05-31,M,159,93006.45140619436,10
UTTAR PRADESH,2022-06-01,M,163,94559.83303850342,10
UTTAR PRADESH,2022-06-02,M,171,87188.80831708899,10
UTTAR PRADESH,2022-06-03,M,172,83517.45791644126,10
UTTAR PRADESH,2022-06-04,M,175,88409.69959183672,10
UTTAR PRADESH,2022-06-05,M,181,83461.90116296808,10
UTTAR PRADESH,2022-06-06,M,170,77323.02089965408,10
UTTAR PRADESH,2022-06-07,M,173,72936.27779077145,10
UTTAR PRADESH,2022-06-08,M,183,74935.63761235034,10
UTTAR PRADESH,2022-06-09,M,183,78380.68715100473,10
UTTAR PRADESH,2022-06-10,M,196,78079.37963348604,10
UTTAR PRADESH,2022-06-11,M,195,77801.19957922417,10
UTTAR PRADESH,2022-06-12,M,190,80203.65817174519,10
UTTAR PRADESH,2022-06-13,M,187,79076.86997054535,10
UTTAR PRADESH,2022-06-14,M,182,73751.67180896038,10
UTTAR PRADESH,2022-06-15,M,177,73255.16333109891,10
UTTAR PRADESH,2022-06-16,M,178,71905.44918570889,10
UTTAR PRADESH,2022-06-17,M,171,74177.00222290616,10
UTTAR PRADESH,2022-06-18,M,167,76357.59102154971,10
UTTAR PRADESH,2022-06-19,M,165,70591.9833241505,10
UTTAR PRADESH,2022-06-20,M,163,74213.06507584022,10
UTTAR PRADESH,2022-06-21,M,157,79533.82530731475,10
UTTAR PRADESH,2022-06-22,M,154,78671.23515769944,10
UTTAR PRADESH,2022-06-23,M,159,81365.59424073424,10
UTTAR PRADESH,2022-06-24,M,156,81324.85880999349,10
UTTAR PRADESH,2022-06-25,M,154,78539.14015854284,10
UTTAR PRADESH,2022-06-26,M,146,84738.0170763745,10
UTTAR PRADESH,2022-06-27,M,148,94824.81300219125,10
UTTAR PRADESH,2022-06-28,M,136,95382.69896193768,10
UTTAR PRADESH,2022-06-29,M,132,98232.6232208449,10
UTTAR PRADESH,2022-06-30,M,112,93763.77774234698,10
UTTAR PRADESH,2022-07-01,M,100,87284.33309999999,10
UTTAR PRADESH,2022-07-02,L,85,96595.48733564018,10
UTTAR PRADESH,2022-07-03,L,69,102614.08317580342,10
UTTAR PRADESH,2022-07-04,M,56,90093.00382653065,10
UTTAR PRADESH,2022-07-05,L,43,77232.4824229313,10
UTTAR PRADESH,2022-07-06,M,34,123813.32525951549,10
UTTAR PRADESH,2022-07-07,L,23,43622.93383742904,10
UTTAR PRADESH,2022-07-08,XL,13,88968.89940828399,10
UTTAR PRADESH,2022-07-09,XXL,3,51506.0,10
UTTARAKHAND,2022-04-01,S,1,0.0,10
UTTARAKHAND,2022-04-02,L,5,198122.6399999999,10
UTTARAKHAND,2022-04-03,L,8,142628.25,10
UTTARAKHAND,2022-04-04,L,9,126814.46913580247,10
UTTARAKHAND,2022-04-05,L,12,177901.30555555562,10
UTTARAKHAND,2022-04-06,L,16,149942.12109375,10
UTTARAKHAND,2022-04-07,L,18,140888.25000000012,10
UTTARAKHAND,2022-04-08,XL,20,89355.84749999992,10
UTTARAKHAND,2022-04-09,L,22,126765.58057851251,10
UTTARAKHAND,2022-04-10,L,23,121611.27032136102,10
UTTARAKHAND,2022-04-11,L,28,131103.5242346938,10
UTTARAKHAND,2022-04-12,XXL,28,69903.20918367349,10
UTTARAKHAND,2022-04-13,S,30,94131.63222222216,10
UTTARAKHAND,2022-04-14,M,35,79102.19102040824,10
UTTARAKHAND,2022-04-15,L,34,70372.69290657435,10
UTTARAKHAND,2022-04-16,L,40,69904.93437499995,10
UTTARAKHAND,2022-04-17,L,44,65679.06353305781,10
UTTARAKHAND,2022-04-18,L,50,64964.63359999994,10
UTTARAKHAND,2022-04-19,L,51,63465.680123029684,10
UTTARAKHAND,2022-04-20,L,51,64805.90772779699,10
UTTARAKHAND,2022-04-21,L,49,44923.38775510213,10
UTTARAKHAND,2022-04-22,L,48,45371.513888888934,10
UTTARAKHAND,2022-04-23,L,47,69927.97464916256,10
UTTARAKHAND,2022-04-24,L,46,68278.37854442338,10
UTTARAKHAND,2022-04-25,L,45,69883.86172839499,10
UTTARAKHAND,2022-04-26,L,40,69980.39437499997,10
UTTARAKHAND,2022-04-27,M,35,72200.878367347,10
UTTARAKHAND,2022-04-28,M,38,68528.5463988919,10
UTTARAKHAND,2022-04-29,M,36,78036.8233024691,10
UTTARAKHAND,2022-04-30,M,33,99392.06244260794,10
UTTARAKHAND,2022-05-01,L,37,119433.43462381302,10
UTTARAKHAND,2022-05-02,L,38,119556.91481994459,10
UTTARAKHAND,2022-05-03,L,37,93475.60262965673,10
UTTARAKHAND,2022-05-04,L,40,90888.32437499997,10
UTTARAKHAND,2022-05-05,L,43,91627.3163872363,10
UTTARAKHAND,2022-05-06,L,39,95243.641025641,10
UTTARAKHAND,2022-05-07,L,39,96081.32675871137,10
UTTARAKHAND,2022-05-08,L,39,88482.29322813946,10
UTTARAKHAND,2022-05-09,L,36,80001.65663580247,10
UTTARAKHAND,2022-05-10,L,37,76221.21110299492,10
UTTARAKHAND,2022-05-11,S,31,100518.06035379798,10
UTTARAKHAND,2022-05-12,S,34,132218.3953287198,10
UTTARAKHAND,2022-05-13,M,29,125505.48156956013,10
UTTARAKHAND,2022-05-14,S,30,158167.44999999995,10
UTTARAKHAND,2022-05-15,S,27,125096.06858710566,10
UTTARAKHAND,2022-05-16,S,28,104219.6670918368,10
UTTARAKHAND,2022-05-17,S,28,106165.28954081633,10
UTTARAKHAND,2022-05-18,M,24,127466.7430555555,10
UTTARAKHAND,2022-05-19,L,29,76238.23543400719,10
UTTARAKHAND,2022-05-20,L,29,80168.50891795475,10
UTTARAKHAND,2022-05-21,L,29,79872.62544589769,10
UTTARAKHAND,2022-05-22,L,26,81604.37869822484,10
UTTARAKHAND,2022-05-23,L,31,75734.1914672216,10
UTTARAKHAND,2022-05-24,L,31,68665.1238293444,10
UTTARAKHAND,2022-05-25,L,31,83142.88657648285,10
UTTARAKHAND,2022-05-26,L,30,74957.4622222223,10
UTTARAKHAND,2022-05-27,L,28,79100.66709183669,10
UTTARAKHAND,2022-05-28,L,26,81315.52071005909,10
UTTARAKHAND,2022-05-29,L,22,68640.67148760322,10
UTTARAKHAND,2022-05-30,L,21,63394.058956916095,10
UTTARAKHAND,2022-05-31,XL,23,107272.42722117197,10
UTTARAKHAND,2022-06-01,XL,26,101180.22485207103,10
UTTARAKHAND,2022-06-02,XL,24,126283.95659722213,10
UTTARAKHAND,2022-06-03,XL,25,144091.36,10
UTTARAKHAND,2022-06-04,XL,25,144091.36,10
UTTARAKHAND,2022-06-05,XL,24,149904.0815972223,10
UTTARAKHAND,2022-06-06,XL,25,144008.8896,10
UTTARAKHAND,2022-06-07,L,26,134090.0014792899,10
UTTARAKHAND,2022-06-08,L,32,111980.8115234375,10
UTTARAKHAND,2022-06-09,L,35,104594.3640816327,10
UTTARAKHAND,2022-06-10,L,39,98553.41617357003,10
UTTARAKHAND,2022-06-11,L,36,77816.30478395056,10
UTTARAKHAND,2022-06-12,L,36,73733.98996913579,10
UTTARAKHAND,2022-06-13,L,38,66006.2887811634,10
UTTARAKHAND,2022-06-14,L,36,62122.82330246916,10
UTTARAKHAND,2022-06-15,L,36,73449.8302469136,10
UTTARAKHAND,2022-06-16,L,33,73431.08723599627,10
UTTARAKHAND,2022-06-17,L,29,52515.45303210459,10
UTTARAKHAND,2022-06-18,XL,26,88337.0,10
UTTARAKHAND,2022-06-19,XL,23,89575.36862003774,10
UTTARAKHAND,2022-06-20,XL,20,97814.32749999996,10
UTTARAKHAND,2022-06-21,XL,21,105002.79365079355,10
UTTARAKHAND,2022-06-22,XL,23,103729.30056710768,10
UTTARAKHAND,2022-06-23,XL,24,112281.33159722225,10
UTTARAKHAND,2022-06-24,XL,26,105608.90532544366,10
UTTARAKHAND,2022-06-25,XL,26,96070.82248520711,10
UTTARAKHAND,2022-06-26,M,24,34769.90972222213,10
UTTARAKHAND,2022-06-27,M,23,33993.35727788287,10
UTTARAKHAND,2022-06-28,M,22,46389.08264462801,10
UTTARAKHAND,2022-06-29,M,18,53454.42283950606,10
UTTARAKHAND,2022-06-30,M,18,63441.11111111124,10
UTTARAKHAND,2022-07-01,M,16,66805.40234375,10
UTTARAKHAND,2022-07-02,M,13,51489.5976331362,10
UTTARAKHAND,2022-07-03,M,12,55765.85416666663,10
UTTARAKHAND,2022-07-04,M,7,72120.12244897964,10
UTTARAKHAND,2022-07-05,L,6,43062.138888888934,10
UTTARAKHAND,2022-07-06,S,5,73978.95999999996,10
UTTARAKHAND,2022-07-07,S,3,123086.0,10
UTTARAKHAND,2022-07-08,XXL,2,172640.25,10
UTTARAKHAND,2022-07-09,M,1,0.0,10
WEST BENGAL,2022-04-01,XXL,4,1586.0,10
WEST BENGAL,2022-04-02,XXL,16,5772.65234375,10
WEST BENGAL,2022-04-03,L,27,37737.58299039776,10
WEST BENGAL,2022-04-04,XL,41,81057.17192147532,10
WEST BENGAL,2022-04-05,L,54,38995.74074074067,10
WEST BENGAL,2022-04-06,L,70,61120.7624489796,10
WEST BENGAL,2022-04-07,L,83,63905.34504282195,10
WEST BENGAL,2022-04-08,L,95,61310.055844875285,10
WEST BENGAL,2022-04-09,L,110,60166.33561983466,10
WEST BENGAL,2022-04-10,L,120,57759.479930555564,10
WEST BENGAL,2022-04-11,L,131,57047.46739700489,10
WEST BENGAL,2022-04-12,L,138,62069.08674648177,10
WEST BENGAL,2022-04-13,L,143,65265.678126069775,10
WEST BENGAL,2022-04-14,L,166,65570.69796051679,10
WEST BENGAL,2022-04-15,L,156,68050.33711374091,10
WEST BENGAL,2022-04-16,L,155,63150.94676378777,10
WEST BENGAL,2022-04-17,L,152,62420.96052631579,10
WEST BENGAL,2022-04-18,L,154,61360.721032214526,10
WEST BENGAL,2022-04-19,L,150,62511.245555555506,10
WEST BENGAL,2022-04-20,L,150,64499.1550666666,10
WEST BENGAL,2022-04-21,L,146,66071.28659223125,10
WEST BENGAL,2022-04-22,L,140,63018.00872448983,10
WEST BENGAL,2022-04-23,L,134,62114.28274671419,10
WEST BENGAL,2022-04-24,M,121,84332.73820094258,10
WEST BENGAL,2022-04-25,M,121,88977.57516563073,10
WEST BENGAL,2022-04-26,M,127,86882.6413292826,10
WEST BENGAL,2022-04-27,M,124,77226.03401404788,10
WEST BENGAL,2022-04-28,L,121,70746.74134280451,10
WEST BENGAL,2022-04-29,L,118,70570.4334961219,10
WEST BENGAL,2022-04-30,XL,116,53795.06205410225,10
WEST BENGAL,2022-05-01,L,117,70832.09525896708,10
WEST BENGAL,2022-05-02,L,122,68925.36092448264,10
WEST BENGAL,2022-05-03,XL,133,62719.78189835494,10
WEST BENGAL,2022-05-04,XL,134,57585.01670750731,10
WEST BENGAL,2022-05-05,XL,139,59616.06697375915,10
WEST BENGAL,2022-05-06,XL,130,65225.35171597637,10
WEST BENGAL,2022-05-07,XL,123,68671.45204574004,10
WEST BENGAL,2022-05-08,XL,122,65923.06241601723,10
WEST BENGAL,2022-05-09,L,120,71767.61972222221,10
WEST BENGAL,2022-05-10,L,128,75696.40014648438,10
WEST BENGAL,2022-05-11,L,120,77285.8110416666,10
WEST BENGAL,2022-05-12,L,108,85217.57098765438,10
WEST BENGAL,2022-05-13,L,100,82397.44160000002,10
WEST BENGAL,2022-05-14,L,95,85582.44166204985,10
WEST BENGAL,2022-05-15,L,94,83112.8841104572,10
WEST BENGAL,2022-05-16,L,97,88835.68838346266,10
WEST BENGAL,2022-05-17,L,94,91851.73800362146,10
WEST BENGAL,2022-05-18,L,89,90414.96654462814,10
WEST BENGAL,2022-05-19,L,82,80069.18143961922,10
WEST BENGAL,2022-05-20,L,74,86362.11559532501,10
WEST BENGAL,2022-05-21,L,77,80797.0737055153,10
WEST BENGAL,2022-05-22,XXL,78,72929.8895463511,10
WEST BENGAL,2022-05-23,L,79,84437.94520108966,10
WEST BENGAL,2022-05-24,L,86,74652.06435911299,10
WEST BENGAL,2022-05-25,L,82,81533.49152290303,10
WEST BENGAL,2022-05-26,XXL,81,62418.25727785396,10
WEST BENGAL,2022-05-27,XXL,86,64122.20619253657,10
WEST BENGAL,2022-05-28,XXL,86,68110.55056787445,10
WEST BENGAL,2022-05-29,M,84,68794.82936507941,10
WEST BENGAL,2022-05-30,M,90,72455.49888888892,10
WEST BENGAL,2022-05-31,M,88,83227.57941632235,10
WEST BENGAL,2022-06-01,M,91,83024.33136094682,10
WEST BENGAL,2022-06-02,M,96,73485.60319010413,10
WEST BENGAL,2022-06-03,M,99,73158.99724517908,10
WEST BENGAL,2022-06-04,M,100,74917.14749999996,10
WEST BENGAL,2022-06-05,M,96,63944.0771484375,10
WEST BENGAL,2022-06-06,M,99,67199.2084481176,10
WEST BENGAL,2022-06-07,M,97,68619.56828568398,10
WEST BENGAL,2022-06-08,M,89,83096.9748769094,10
WEST BENGAL,2022-06-09,M,88,76376.11157024786,10
WEST BENGAL,2022-06-10,M,92,70289.27445652173,10
WEST BENGAL,2022-06-11,M,93,75470.35749797663,10
WEST BENGAL,2022-06-12,M,88,76682.45402892563,10
WEST BENGAL,2022-06-13,XXL,91,90958.60089361179,10
WEST BENGAL,2022-06-14,XXL,90,75803.70320987655,10
WEST BENGAL,2022-06-15,XXL,95,64167.25473684212,10
WEST BENGAL,2022-06-16,XXL,95,57252.06692520768,10
WEST BENGAL,2022-06-17,XXL,101,67391.04734829918,10
WEST BENGAL,2022-06-18,XXL,105,67420.06585034012,10
WEST BENGAL,2022-06-19,XXL,97,64943.15633967472,10
WEST BENGAL,2022-06-20,XXL,97,63153.78722499724,10
WEST BENGAL,2022-06-21,XXL,98,52452.122032486484,10
WEST BENGAL,2022-06-22,XXL,98,54884.1907538526,10
WEST BENGAL,2022-06-23,XXL,97,54080.860877882864,10
WEST BENGAL,2022-06-24,XXL,95,63743.28930747928,10
WEST BENGAL,2022-06-25,XXL,84,69317.89951814059,10
WEST BENGAL,2022-06-26,XXL,76,70635.63625346258,10
WEST BENGAL,2022-06-27,XXL,69,54718.366729678644,10
WEST BENGAL,2022-06-28,3XL,67,75921.28269102261,10
WEST BENGAL,2022-06-29,XXL,65,79297.62982248527,10
WEST BENGAL,2022-06-30,XXL,55,81042.03107438021,10
WEST BENGAL,2022-07-01,3XL,49,89085.56684714701,10
WEST BENGAL,2022-07-02,L,42,69328.73299319728,10
WEST BENGAL,2022-07-03,M,38,105178.55193905818,10
WEST BENGAL,2022-07-04,3XL,33,112557.50413223146,10
WEST BENGAL,2022-07-05,L,27,50420.888888888934,10
WEST BENGAL,2022-07-06,L,20,43830.38750000001,10
WEST BENGAL,2022-07-07,L,14,34036.28571428574,10
WEST BENGAL,2022-07-08,M,6,22861.22222222219,10
WEST BENGAL,2022-07-09,6XL,1,0.0,10
bihar,2022-05-07,XXL,1,0.0,10
bihar,2022-05-08,XXL,1,0.0,10
bihar,2022-05-09,XXL,1,0.0,10
bihar,2022-05-10,XXL,1,0.0,10
bihar,2022-05-11,XXL,1,0.0,10
bihar,2022-05-12,XXL,1,0.0,10
bihar,2022-05-13,XXL,1,0.0,10
bihar,2022-05-14,XXL,1,0.0,10
bihar,2022-05-15,XXL,1,0.0,10
bihar,2022-05-16,XXL,1,0.0,10
delhi,2022-04-03,XL,1,0.0,10
delhi,2022-04-04,XS,2,24964.0,10
delhi,2022-04-05,XS,2,24964.0,10
delhi,2022-04-06,XS,2,24964.0,10
delhi,2022-04-07,XS,2,24964.0,10
delhi,2022-04-08,XS,2,24964.0,10
delhi,2022-04-09,XS,2,24964.0,10
delhi,2022-04-10,XS,2,24964.0,10
delhi,2022-04-11,XS,2,24964.0,10
delhi,2022-04-12,XS,3,60056.88888888899,10
delhi,2022-04-13,XS,3,60056.88888888899,10
delhi,2022-04-14,M,2,40804.0,10
delhi,2022-04-15,M,2,40804.0,10
delhi,2022-04-16,M,2,40804.0,10
delhi,2022-04-17,M,2,40804.0,10
delhi,2022-04-18,M,2,40804.0,10
delhi,2022-04-19,M,1,0.0,10
delhi,2022-04-20,M,1,0.0,10
delhi,2022-04-21,M,1,0.0,10
delhi,2022-04-22,M,1,0.0,10
delhi,2022-04-23,S,1,0.0,10
delhi,2022-04-24,S,1,0.0,10
delhi,2022-04-25,S,1,0.0,10
delhi,2022-04-26,S,1,0.0,10
delhi,2022-04-27,S,1,0.0,10
delhi,2022-04-28,S,1,0.0,10
delhi,2022-04-29,S,1,0.0,10
delhi,2022-04-30,S,1,0.0,10
delhi,2022-05-27,XXL,1,0.0,10
delhi,2022-05-28,XL,2,20592.25,10
delhi,2022-05-29,XL,2,20592.25,10
delhi,2022-05-30,XL,2,20592.25,10
delhi,2022-05-31,XL,2,20592.25,10
delhi,2022-06-01,XL,2,20592.25,10
delhi,2022-06-02,XL,2,20592.25,10
delhi,2022-06-03,XL,2,20592.25,10
delhi,2022-06-04,XL,2,20592.25,10
delhi,2022-06-05,XL,2,20592.25,10
delhi,2022-06-06,XL,2,20592.25,10
delhi,2022-06-07,5XL,1,0.0,10
delhi,2022-06-08,5XL,1,0.0,10
delhi,2022-06-09,5XL,1,0.0,10
delhi,2022-06-10,5XL,1,0.0,10
delhi,2022-06-11,5XL,1,0.0,10
delhi,2022-06-14,S,1,0.0,10
delhi,2022-06-15,S,1,0.0,10
delhi,2022-06-16,S,1,0.0,10
delhi,2022-06-17,S,1,0.0,10
delhi,2022-06-18,S,1,0.0,10
delhi,2022-06-19,S,1,0.0,10
delhi,2022-06-20,S,1,0.0,10
delhi,2022-06-21,S,1,0.0,10
delhi,2022-06-22,XXL,2,22801.0,10
delhi,2022-06-23,XXL,2,22801.0,10
delhi,2022-06-24,XXL,2,22801.0,10
delhi,2022-06-25,XXL,2,22801.0,10
delhi,2022-06-26,XXL,2,22801.0,10
delhi,2022-06-27,XXL,2,22801.0,10
delhi,2022-06-28,XXL,3,20068.222222222365,10
delhi,2022-06-29,XXL,3,20068.222222222365,10
delhi,2022-06-30,XXL,3,20068.222222222365,10
delhi,2022-07-01,XXL,3,20068.222222222365,10
delhi,2022-07-02,L,1,0.0,10
delhi,2022-07-03,L,1,0.0,10
delhi,2022-07-04,L,1,0.0,10
delhi,2022-07-05,L,1,0.0,10
delhi,2022-07-06,L,1,0.0,10
delhi,2022-07-07,XXL,1,0.0,10
goa,2022-04-08,XS,2,812.25,10
goa,2022-04-09,XS,2,812.25,10
goa,2022-04-10,XS,2,812.25,10
goa,2022-04-11,XS,2,812.25,10
goa,2022-04-12,XS,2,812.25,10
goa,2022-04-13,XS,2,812.25,10
goa,2022-04-14,XS,2,812.25,10
goa,2022-04-15,XS,2,812.25,10
goa,2022-04-16,XS,2,812.25,10
goa,2022-04-17,XS,2,812.25,10
goa,2022-05-03,XL,1,0.0,10
goa,2022-05-04,XL,1,0.0,10
goa,2022-05-05,XL,1,0.0,10
goa,2022-05-06,XL,1,0.0,10
goa,2022-05-07,XL,1,0.0,10
goa,2022-05-08,XL,1,0.0,10
goa,2022-05-09,XL,1,0.0,10
goa,2022-05-10,XL,1,0.0,10
goa,2022-05-11,XL,1,0.0,10
goa,2022-05-12,XL,1,0.0,10
goa,2022-05-23,XXL,1,0.0,10
goa,2022-05-24,XXL,1,0.0,10
goa,2022-05-25,XXL,1,0.0,10
goa,2022-05-26,XXL,1,0.0,10
goa,2022-05-27,XXL,1,0.0,10
goa,2022-05-28,XS,1,0.0,10
goa,2022-05-29,XS,1,0.0,10
goa,2022-05-30,XS,1,0.0,10
goa,2022-05-31,XS,1,0.0,10
goa,2022-06-01,XS,1,0.0,10
goa,2022-06-02,XS,1,0.0,10
goa,2022-06-03,XS,1,0.0,10
goa,2022-06-04,XS,1,0.0,10
goa,2022-06-05,XS,1,0.0,10
goa,2022-06-06,XS,1,0.0,10
orissa,2022-04-14,L,1,0.0,10
orissa,2022-04-15,L,1,0.0,10
orissa,2022-04-16,L,1,0.0,10
orissa,2022-04-17,L,1,0.0,10
orissa,2022-04-18,L,1,0.0,10
orissa,2022-04-19,L,1,0.0,10
orissa,2022-04-20,L,1,0.0,10
orissa,2022-04-21,L,1,0.0,10
orissa,2022-04-22,L,1,0.0,10
orissa,2022-04-23,L,1,0.0,10
punjab,2022-04-03,XL,1,0.0,10
punjab,2022-04-04,XL,1,0.0,10
punjab,2022-04-05,XL,1,0.0,10
punjab,2022-04-06,XL,1,0.0,10
punjab,2022-04-07,XL,1,0.0,10
punjab,2022-04-08,XL,1,0.0,10
punjab,2022-04-09,XL,1,0.0,10
punjab,2022-04-10,XL,1,0.0,10
punjab,2022-04-11,XL,1,0.0,10
punjab,2022-04-12,XL,1,0.0,10
punjab,2022-04-15,S,1,0.0,10
punjab,2022-04-16,S,1,0.0,10
punjab,2022-04-17,S,1,0.0,10
punjab,2022-04-18,S,1,0.0,10
punjab,2022-04-19,S,1,0.0,10
punjab,2022-04-20,S,1,0.0,10
punjab,2022-04-21,S,1,0.0,10
punjab,2022-04-22,3XL,3,45644.66666666663,10
punjab,2022-04-23,3XL,3,45644.66666666663,10
punjab,2022-04-24,3XL,3,45644.66666666663,10
punjab,2022-04-25,3XL,3,45644.66666666663,10
punjab,2022-04-26,3XL,3,45644.66666666663,10
punjab,2022-04-27,3XL,3,45644.66666666663,10
punjab,2022-04-28,3XL,3,45644.66666666663,10
punjab,2022-04-29,3XL,3,45644.66666666663,10
punjab,2022-04-30,3XL,3,45644.66666666663,10
punjab,2022-05-01,3XL,3,45644.66666666663,10
punjab,2022-05-02,XL,1,0.0,10
punjab,2022-05-03,XXL,2,122150.25,10
punjab,2022-05-04,XXL,2,122150.25,10
punjab,2022-05-05,XXL,2,122150.25,10
punjab,2022-05-06,XXL,2,122150.25,10
punjab,2022-05-07,XXL,2,122150.25,10
punjab,2022-05-08,XXL,2,154449.0,10
punjab,2022-05-09,XXL,2,154449.0,10
punjab,2022-05-10,XXL,2,154449.0,10
punjab,2022-05-11,XXL,2,154449.0,10
punjab,2022-05-12,XXL,2,154449.0,10
punjab,2022-05-13,XXL,1,0.0,10
punjab,2022-05-14,XXL,1,0.0,10
punjab,2022-05-15,XXL,1,0.0,10
punjab,2022-05-16,XXL,1,0.0,10
punjab,2022-05-17,XXL,1,0.0,10
punjab,2022-06-19,L,1,0.0,10
punjab,2022-06-20,L,1,0.0,10
punjab,2022-06-21,L,1,0.0,10
punjab,2022-06-22,L,1,0.0,10
punjab,2022-06-23,L,1,0.0,10
punjab,2022-06-24,L,1,0.0,10
punjab,2022-06-25,L,1,0.0,10
punjab,2022-06-26,L,1,0.0,10
punjab,2022-06-27,L,1,0.0,10
punjab,2022-06-28,L,1,0.0,10
rajasthan,2022-04-16,L,1,0.0,10
rajasthan,2022-04-17,L,1,0.0,10
rajasthan,2022-04-18,L,1,0.0,10
rajasthan,2022-04-19,L,1,0.0,10
rajasthan,2022-04-20,L,1,0.0,10
rajasthan,2022-04-21,L,1,0.0,10
rajasthan,2022-04-22,S,2,729.0,10
rajasthan,2022-04-23,S,2,729.0,10
rajasthan,2022-04-24,S,2,729.0,10
rajasthan,2022-04-25,S,2,729.0,10
rajasthan,2022-04-26,S,2,729.0,10
rajasthan,2022-04-27,S,2,729.0,10
rajasthan,2022-04-28,S,2,729.0,10
rajasthan,2022-04-29,S,2,729.0,10
rajasthan,2022-04-30,S,3,523.5555555555038,10
rajasthan,2022-05-01,S,3,523.5555555555038,10
rajasthan,2022-05-02,L,1,0.0,10
rajasthan,2022-05-03,L,1,0.0,10
rajasthan,2022-05-04,L,1,0.0,10
rajasthan,2022-05-05,S,1,0.0,10
rajasthan,2022-05-06,S,1,0.0,10
rajasthan,2022-05-07,S,1,0.0,10
rajasthan,2022-05-08,S,1,0.0,10
rajasthan,2022-05-09,S,1,0.0,10
rajsthan,2022-06-23,XL,1,0.0,10
rajsthan,2022-06-24,XL,1,0.0,10
rajsthan,2022-06-25,XL,1,0.0,10
rajsthan,2022-06-26,XL,1,0.0,10
rajsthan,2022-06-27,XL,1,0.0,10
rajsthan,2022-06-28,XL,1,0.0,10
rajsthan,2022-06-29,XL,1,0.0,10
rajsthan,2022-06-30,XL,1,0.0,10
rajsthan,2022-07-01,XL,1,0.0,10
rajsthan,2022-07-02,XL,1,0.0,10
